,year,title,genre,avg_vote,movie_rating
0,2005,The Naked Monster,"Comedy, Horror, Sci-Fi",5.6,okay
1,2005,What Is It?,Drama,5.6,okay
2,2005,Fantastic Four,"Action, Adventure, Fantasy",5.7,okay
3,2005,Corpse Bride,"Animation, Drama, Family",7.3,good
4,2005,Star Wars: Episode III - Revenge of the Sith,"Action, Adventure, Fantasy",7.5,good
5,2005,Shooting Vegetarians,"Comedy, Drama",4.8,okay
6,2005,The Prodigy,"Crime, Drama, Thriller",5.5,okay
7,2005,Angels with Angles,Comedy,4.8,okay
10,2005,Firecracker,"Crime, Drama, Mystery",5.4,okay
12,2005,Bob the Butler,"Comedy, Family",5.5,okay
13,2005,Bad Girls from Valley High,Comedy,3.5,okay
14,2005,Ripley Under Ground,"Crime, Drama, Thriller",6.1,good
15,2005,Lucky 13,"Comedy, Romance",4.6,okay
16,2005,Cl.One,"Sci-Fi, Thriller",3.3,okay
17,2005,Fortunes,Comedy,4.3,okay
18,2005,Water,Drama,7.7,good
19,2005,Mee-Shee: The Water Giant,"Adventure, Family, Fantasy",5.3,okay
21,2005,In Memory of My Father,"Comedy, Drama",6.0,okay
23,2005,Cursed,"Comedy, Horror",5.0,okay
25,2005,Imposture,Thriller,6.4,good
26,2005,2001 Maniacs,"Comedy, Horror",5.3,okay
28,2005,Thru the Moebius Strip,"Animation, Adventure, Sci-",5.1,okay
29,2005,The Ringer,"Comedy, Sport",5.8,okay
31,2005,From Venus,"Horror, Sci-Fi",4.5,okay
32,2005,Heaven's Neighbors,Drama,7.1,good
35,2005,Havoc,"Crime, Drama",5.5,okay
36,2005,Alchemy,"Comedy, Romance",5.4,okay
38,2005,Iluminados por el fuego,"Adventure, Drama, War",6.8,good
39,2005,Man-Thing,"Action, Adventure, Horror",4.0,okay
40,2005,The Keeper: The Legend of Omar Khayyam,"Adventure, Drama, Family",6.4,good
41,2005,Rent,"Drama, Musical, Romance",6.9,good
42,2005,The Sea Wolf,"Action, Adventure, Romance",3.6,okay
43,2005,Going Shopping,"Drama, Romance",4.7,okay
45,2005,The Civilization of Maxwell Bright,Drama,6.5,good
46,2005,All Babes Want to Kill Me,"Comedy, Romance",4.0,okay
47,2005,Black Wine,Thriller,4.3,okay
48,2005,Dark Assassin,"Action, Thriller",3.3,okay
50,2005,Love Thy Neighbor,"Comedy, Drama, Mystery",3.6,okay
51,2005,Funny Valentine,"Comedy, Romance",4.4,okay
53,2005,Les Boys IV,"Comedy, Sport",4.9,okay
55,2005,Extreme Dating,"Action, Romance, Comedy",5.2,okay
56,2005,Tracks,"Drama, Crime",5.0,okay
57,2005,The Curse of the Were-Rabbit,"Animation, Adventure, Come",7.4,good
59,2005,Break a Leg,"Comedy, Drama, Thriller",5.1,okay
60,2005,Constellation,Drama,3.8,okay
61,2005,Because of Winn-Dixie,"Comedy, Drama, Family",6.3,good
64,2005,A Sound of Thunder,"Action, Adventure, Horror",4.2,okay
65,2005,Sahara,"Action, Adventure, Comedy",6.0,okay
66,2005,Thumbsucker,"Comedy, Drama",6.6,good
67,2005,El viento,"Drama, Romance",6.8,good
68,2005,Kingdom of Heaven,"Action, Adventure, Drama",7.2,good
69,2005,Blodsbröder,"Crime, Drama",2.8,bad
71,2005,Ze film,Comedy,5.4,okay
73,2005,Los suicidas,Mystery,5.5,okay
75,2005,Sabah,"Comedy, Drama, Romance",6.8,good
76,2005,"Jesus, Mary and Joey","Comedy, Romance",4.8,okay
77,2005,Her Name Is Carla,"Drama, Thriller",5.0,okay
78,2005,The Great Raid,"Action, Drama, War",6.7,good
80,2005,The Bike Squad,"Comedy, Family",3.1,okay
81,2005,Dirty Love,"Comedy, Romance",3.6,okay
82,2005,Lung do kei yuen,"Animation, Action, Adventu",4.9,okay
83,2005,My Suicidal Sweetheart,"Comedy, Drama",5.5,okay
85,2005,Taj Mahal: An Eternal Love Story,"Drama, History, Musical",5.2,okay
87,2005,xXx: State of the Union,"Action, Adventure, Crime",4.4,okay
88,2005,Harry Potter and the Goblet of Fire,"Adventure, Family, Fantasy",7.7,good
90,2005,Man of the House,"Comedy, Crime",5.4,okay
91,2005,Fever Pitch,"Comedy, Drama, Romance",6.2,good
92,2005,Antikörper,"Crime, Drama, Horror",7.0,good
93,2005,Dot.Kill,"Crime, Drama, Thriller",4.7,okay
94,2005,Keep Your Distance,"Drama, Mystery, Romance",5.2,okay
95,2005,Zerkalnye voyny. Otrazhenie pervoe,"Action, Crime, Drama",2.9,bad
96,2005,The Trouble with Men and Women,"Drama, Romance",4.7,okay
97,2005,Sledge: The Untold Story,"Action, Comedy, Musical",3.5,okay
98,2005,Nowhere Man,"Comedy, Crime, Drama",3.7,okay
99,2005,Shopgirl,"Drama, Romance",6.3,good
100,2005,Diamond Zero,"Sci-Fi, Action, Comedy",4.3,okay
101,2005,Beauty and the Beast,"Action, Adventure, Family",4.1,okay
103,2005,The Magic Roundabout,"Animation, Adventure, Come",5.2,okay
104,2005,Daltry Calhoun,"Comedy, Drama, Music",5.1,okay
105,2005,Strike the Tent,"Action, Biography, Drama",5.3,okay
107,2005,Hostage,"Action, Crime, Drama",6.6,good
108,2005,Self Medicated,"Biography, Drama",5.7,okay
109,2005,Unleashed,"Action, Crime, Drama",7.0,good
110,2005,Dear Wendy,"Comedy, Crime, Drama",6.6,good
111,2005,Manderlay,Drama,7.3,good
112,2005,The PianoTuner of EarthQuakes,"Drama, Fantasy, Music",6.3,good
113,2005,Äideistä parhain,"Drama, War",7.6,good
114,2005,Fugitives Run,Comedy,3.1,okay
116,2005,The Lost City,"Drama, Romance",6.6,good
119,2005,Mangal Pandey: The Rising,"Biography, Drama, History",6.6,good
121,2005,Waiting...,Comedy,6.8,good
122,2005,Asylum,"Drama, Romance, Thriller",6.1,good
123,2005,Die You Zombie Bastards!,"Comedy, Fantasy, Horror",4.4,okay
125,2005,Netaji Subhas Chandra Bose: The Forgotten Hero,"Biography, Drama, History",7.5,good
126,2005,Slaughterhouse of the Rising Sun,"Comedy, Horror",3.7,okay
128,2005,An Unfinished Life,"Drama, Family, Romance",7.0,good
129,2005,Zwarte zwanen,Drama,6.3,good
130,2005,Madagascar,"Animation, Adventure, Come",6.9,good
131,2005,Tweek City,Drama,4.0,okay
132,2005,Cinderella Man,"Biography, Drama, History",8.0,good
134,2005,The Crow: Wicked Prayer,"Action, Adventure, Comedy",3.0,okay
137,2005,The Game of Their Lives,"Drama, History, Sport",6.1,good
139,2005,The Brothers Grimm,"Action, Adventure, Comedy",5.9,okay
140,2005,The Illustrated Family Doctor,"Comedy, Drama, Fantasy",5.8,okay
141,2005,Lords of Dogtown,"Biography, Drama, Sport",7.1,good
143,2005,The Family Stone,"Comedy, Drama, Romance",6.3,good
144,2005,Mr. & Mrs. Smith,"Action, Comedy, Crime",6.5,good
145,2005,The Ballad of Jack and Rose,Drama,6.6,good
146,2005,Rx,"Thriller, Crime, Romance",5.4,okay
147,2005,Elektra,"Action, Adventure, Crime",4.7,okay
148,2005,Boogeyman,"Drama, Horror, Mystery",4.2,okay
149,2005,Dr. Rage,"Horror, Thriller",2.6,bad
150,2005,Robots,"Animation, Adventure, Come",6.3,good
151,2005,Walk the Line,"Biography, Drama, Music",7.8,good
152,2005,Into the Sun,"Action, Thriller",4.4,okay
153,2005,Ainoa,"Adventure, Sci-Fi",4.9,okay
155,2005,Silence Becomes You,"Drama, Horror, Mystery",4.3,okay
156,2005,Standing Still,"Comedy, Drama, Romance",5.7,okay
158,2005,Constantine,"Action, Fantasy, Horror",7.0,good
159,2005,King Kong,"Action, Adventure, Drama",7.2,good
160,2005,Valiant,"Animation, Adventure, Come",5.5,okay
161,2005,Happy Endings,"Comedy, Drama, Music",6.3,good
162,2005,Duma,"Adventure, Drama, Family",7.2,good
165,2005,Son of the Mask,"Comedy, Family, Fantasy",2.2,bad
167,2005,Hermanas,Drama,6.5,good
168,2005,Monobloc,Drama,4.8,okay
169,2005,Bewafaa,"Drama, Romance",4.3,okay
170,2005,Bigger Than the Sky,"Comedy, Drama, Romance",5.9,okay
171,2005,"The Chronicles of Narnia: The Lion, the Witch and t","Adventure, Family, Fantasy",6.9,good
172,2005,Lovesick,"Drama, Romance",3.4,okay
173,2005,Le promeneur du Champ de Mars,"Biography, Drama",7.1,good
174,2005,The Gingerdead Man,"Comedy, Fantasy, Horror",3.4,okay
175,2005,Neo Ned,"Drama, Romance",7.1,good
176,2005,The Unknown,"Thriller, Action, Adventur",3.4,okay
179,2005,Dating Games People Play,"Comedy, Romance",5.0,okay
180,2005,Man with the Screaming Brain,"Adventure, Comedy, Sci-Fi",5.6,okay
181,2005,Las mantenidas sin sueños,"Comedy, Drama",6.9,good
182,2005,The Matador,"Comedy, Crime, Thriller",6.7,good
183,2005,Revolver,"Action, Crime, Drama",6.4,good
184,2005,Syriana,"Drama, Thriller",6.9,good
186,2005,San wa,"Action, Adventure, Comedy",6.1,good
187,2005,The Upside of Anger,"Comedy, Drama",6.8,good
189,2005,Géminis,Drama,6.0,okay
191,2005,The Jacket,"Drama, Fantasy, Mystery",7.1,good
192,2005,Lethal,"Action, Drama",2.5,bad
193,2005,Mirrormask,"Adventure, Fantasy",6.8,good
195,2005,Sorstalanság,"Drama, Romance, War",6.9,good
196,2005,The Squid and the Whale,"Comedy, Drama",7.3,good
198,2005,Charlie and the Chocolate Factory,"Adventure, Comedy, Family",6.6,good
199,2005,Deuce Bigalow: European Gigolo,Comedy,4.7,okay
200,2005,Hallesche Kometen,Drama,6.7,good
201,2005,Romance & Cigarettes,"Comedy, Musical, Romance",6.3,good
202,2005,Trouble,Thriller,5.8,okay
203,2005,Echoes of Innocence,"Romance, Thriller",5.2,okay
204,2005,Americano,"Comedy, Romance",6.1,good
205,2005,Are We There Yet?,"Adventure, Comedy, Family",4.7,okay
206,2005,Crab Orchard,"Drama, Family, Comedy",4.4,okay
207,2005,Elizabethtown,"Comedy, Drama, Romance",6.4,good
208,2005,The Lazarus Child,"Drama, Horror",5.0,okay
209,2005,Separate Lies,"Crime, Drama, Romance",6.4,good
210,2005,Alone in the Dark,"Action, Horror, Sci-Fi",2.4,bad
211,2005,Bal-Can-Can,"Action, Adventure, Comedy",7.7,good
212,2005,Fun with Dick and Jane,"Comedy, Crime",6.1,good
213,2005,Monster-in-Law,"Comedy, Romance",5.5,okay
214,2005,Strangers with Candy,Comedy,6.0,okay
216,2005,Shooting Livien,"Drama, Music, Romance",5.4,okay
217,2005,Stay,"Drama, Mystery, Thriller",6.8,good
218,2005,Tetsujin niju-hachigo,"Action, Adventure, Fantasy",5.2,okay
219,2005,Window Theory,"Comedy, Drama, Romance",3.9,okay
221,2005,Beneath Still Waters,"Drama, Fantasy, Horror",3.8,okay
222,2005,Chicken Little,"Animation, Adventure, Come",5.7,okay
223,2005,Forbidden Warrior,"Adventure, Action, Fantasy",3.5,okay
224,2005,The Hitchhiker's Guide to the Galaxy,"Adventure, Comedy, Sci-Fi",6.7,good
225,2005,The Zodiac,"Crime, Drama, Horror",5.4,okay
226,2005,La monja,"Drama, Horror, Thriller",4.0,okay
227,2005,Secuestro express,"Action, Crime, Drama",6.5,good
228,2005,Adam & Steve,"Comedy, Drama, Music",5.9,okay
229,2005,Guess Who,"Comedy, Romance",5.9,okay
230,2005,Dinotopia: Quest for the Ruby Sunstone,"Animation, Adventure, Come",5.2,okay
231,2005,Iowa,"Crime, Drama",5.0,okay
232,2005,Sex Sells: The Making of 'Touché',"Comedy, Romance",4.8,okay
233,2005,The Wedding Date,"Comedy, Romance",6.2,good
234,2005,Batman Begins,"Action, Adventure",8.2,good
235,2005,The Extra,"Comedy, Romance",5.1,okay
237,2005,Underclassman,"Action, Comedy, Crime",4.3,okay
238,2005,The Wendell Baker Story,"Comedy, Drama, Romance",5.6,okay
239,2005,Where the Truth Lies,"Crime, Drama, Mystery",6.5,good
240,2005,Kiss Kiss Bang Bang,"Action, Comedy, Crime",7.5,good
241,2005,Casa de Areia,Drama,7.4,good
242,2005,"Cinema, Aspirinas e Urubus","Adventure, Drama",7.4,good
243,2005,Der Clown,"Action, Crime, Thriller",4.4,okay
245,2005,The Honeymooners,"Comedy, Drama, Family",3.3,okay
246,2005,The Interpreter,"Crime, Mystery, Thriller",6.4,good
247,2005,Khullam Khulla Pyaar Karen,Comedy,4.2,okay
249,2005,Köshpendiler,"Drama, History, War",5.9,okay
250,2005,Replica,"Romance, Thriller",1.6,bad
251,2005,Searching for Bobby D,"Adventure, Comedy",4.8,okay
252,2005,Turetskiy gambit,"War, Action, Adventure",7.0,good
253,2005,Bewitched,"Comedy, Fantasy, Romance",4.8,okay
254,2005,Lenny the Wonder Dog,"Adventure, Comedy, Family",3.3,okay
255,2005,On the One,"Comedy, Drama, Musical",5.4,okay
256,2005,Remedy,"Crime, Drama",4.1,okay
258,2005,White Noise,"Drama, Horror, Mystery",5.5,okay
259,2005,You and Your Stupid Mate,Comedy,3.9,okay
260,2005,Black,Drama,8.2,good
262,2005,Racing Stripes,"Adventure, Comedy, Drama",5.2,okay
263,2005,Rebound,"Comedy, Family, Sport",5.1,okay
264,2005,Anniyan,"Action, Drama, Thriller",8.2,good
265,2005,The Shadow Dancer,"Comedy, Drama, Romance",6.7,good
266,2005,Slow Burn,"Drama, Mystery, Thriller",5.8,okay
267,2005,Vida y color,Drama,6.1,good
268,2005,Colour Me Kubrick: A True...ish Story,"Comedy, Drama",6.1,good
269,2005,Frozen,Thriller,5.8,okay
270,2005,Guy in Row Five,Comedy,6.0,okay
271,2005,Pizza,Comedy,5.7,okay
273,2005,The Californians,Drama,4.8,okay
275,2005,Hollywood Flies,"Crime, Drama",4.5,okay
276,2005,Proof,"Drama, Mystery",6.7,good
277,2005,The Ring Two,"Horror, Mystery, Thriller",5.4,okay
278,2005,Three,"Drama, Romance, Thriller",4.9,okay
280,2005,Be Cool,"Comedy, Crime, Drama",5.6,okay
281,2005,Don't Come Knocking,"Drama, Music",6.6,good
282,2005,The Dukes of Hazzard,Comedy,5.1,okay
283,2005,Erosion,"Drama, Mystery, Romance",4.4,okay
284,2005,Into the Blue,"Action, Adventure, Crime",5.8,okay
285,2005,Left for Dead,"Action, Adventure, Crime",3.5,okay
286,2005,Piggy Banks,"Crime, Drama",5.4,okay
287,2005,Schneeland,"Drama, Romance",6.8,good
288,2005,Target of Opportunity,"Action, Drama",3.8,okay
289,2005,Dead Fish,"Action, Comedy, Thriller",5.4,okay
290,2005,Ghosts Never Sleep,Drama,4.3,okay
291,2005,Bailey's Billion$,"Comedy, Family",3.9,okay
292,2005,Capote,"Biography, Crime, Drama",7.3,good
293,2005,Serenity,"Action, Adventure, Sci-Fi",7.8,good
295,2005,Back in the Day,"Action, Crime, Drama",4.4,okay
296,2005,Goal!,"Drama, Romance, Sport",6.7,good
297,2005,Oliver Twist,"Crime, Drama",6.8,good
298,2005,The Perfect Man,"Comedy, Family, Romance",5.5,okay
299,2005,Pogled sa Ajfelovog tornja,"Drama, Romance",4.7,okay
300,2005,Winter Passing,"Comedy, Drama",6.3,good
301,2005,Une aventure,"Drama, Romance",5.0,okay
304,2005,Flirt,"Romance, Comedy",5.8,okay
306,2005,The Last Sign,"Drama, Fantasy, Romance",3.3,okay
307,2005,Pretty Persuasion,"Comedy, Drama",6.5,good
308,2005,Slipstream,"Action, Sci-Fi, Thriller",4.5,okay
309,2005,Vers le sud,Drama,6.3,good
311,2005,The Good Humor Man,"Drama, Romance",6.0,okay
312,2005,Heights,"Drama, Romance",6.9,good
313,2005,Hide and Seek,"Drama, Horror, Mystery",6.0,okay
314,2005,La historia del baúl rosado,"Crime, Drama, Mystery",6.2,good
316,2005,Rosario Tijeras,"Crime, Drama, Romance",6.3,good
317,2005,Vet hard,"Action, Comedy, Crime",6.2,good
318,2005,Things to Do Before You're 30,"Comedy, Drama, Romance",5.6,okay
319,2005,Die Bluthochzeit,"Action, Comedy, Drama",6.6,good
321,2005,Dallas Pashamende,Drama,6.5,good
322,2005,Dark Water,"Drama, Horror, Mystery",5.6,okay
324,2005,Look Both Ways,"Drama, Mystery, Romance",7.0,good
325,2005,Little Fish,"Crime, Drama, Romance",6.2,good
326,2005,Planetfall,"Action, Sci-Fi, Western",3.0,okay
327,2005,Kameleon 2,"Adventure, Comedy, Family",5.9,okay
328,2005,Stealth,"Action, Adventure, Sci-Fi",5.1,okay
329,2005,Vom Suchen und Finden der Liebe,"Comedy, Drama, Music",5.7,okay
332,2005,BloodRayne,"Action, Adventure, Fantasy",2.9,bad
333,2005,Deepwater,"Crime, Mystery, Thriller",5.4,okay
334,2005,Evil Aliens,"Comedy, Horror, Sci-Fi",5.3,okay
336,2005,Mall Cop,Comedy,5.0,okay
337,2005,Mouth to Mouth,Drama,6.2,good
339,2005,Sueño,"Comedy, Drama, Music",5.2,okay
340,2005,Police Beat,"Crime, Drama",6.7,good
341,2005,Af banen,"Comedy, Sport",5.0,okay
342,2005,Cry Wolf,"Drama, Horror, Mystery",5.8,okay
344,2005,Swimmers,Drama,6.5,good
345,2005,Kicking & Screaming,"Comedy, Family, Romance",5.6,okay
346,2005,The Weather Man,"Comedy, Drama",6.5,good
347,2005,The White Countess,"Drama, History, Romance",6.6,good
348,2005,Missing in America,"Drama, War",6.6,good
351,2005,The Amityville Horror,Horror,6.0,okay
353,2005,Trouble with Sex,"Drama, Romance",5.2,okay
354,2005,The Dying Gaul,"Drama, Romance",6.4,good
355,2005,Hooligans,"Crime, Drama, Sport",7.5,good
356,2005,How the Garcia Girls Spent Their Summer,"Comedy, Drama, Romance",6.3,good
357,2005,Lonesome Jim,"Comedy, Drama",6.6,good
358,2005,The Long Weekend,Comedy,5.2,okay
359,2005,Miss Congeniality 2: Armed & Fabulous,"Action, Comedy, Crime",5.1,okay
360,2005,Boo,Horror,4.2,okay
361,2005,Crash Landing,"Action, Crime, Drama",3.7,okay
362,2005,Fainaru fantajî sebun adobento chirudoren,"Animation, Action, Adventu",7.2,good
364,2005,The Godfather of Green Bay,Comedy,5.6,okay
366,2005,My Big Fat Independent Movie,Comedy,3.2,okay
367,2005,Le parfum de la dame en noir,"Comedy, Crime",5.7,okay
369,2005,The Legend of Zorro,"Action, Adventure, Romance",5.9,okay
370,2005,Duck,Drama,6.0,okay
371,2005,Inside Out,"Drama, Mystery, Thriller",5.4,okay
372,2005,Hitch,"Comedy, Romance",6.6,good
373,2005,Love for Rent,"Comedy, Romance",7.0,good
375,2005,The River King,"Drama, Mystery, Thriller",5.8,okay
376,2005,Store planer!,Comedy,5.4,okay
377,2005,The Vault,Action,1.9,bad
378,2005,Aurora Borealis,"Drama, Romance",6.7,good
379,2005,Batalla en el cielo,"Crime, Drama",5.6,okay
380,2005,Bee Season,"Drama, Family",5.5,okay
381,2005,Cold and Dark,"Crime, Horror, Thriller",4.0,okay
382,2005,The Constant Gardener,"Drama, Mystery, Romance",7.4,good
383,2005,The Iris Effect,"Mystery, Thriller, Drama",3.2,okay
384,2005,Prime,"Comedy, Drama, Romance",6.2,good
385,2005,The Roost,"Horror, Thriller",4.9,okay
388,2005,Caché,"Drama, Mystery, Thriller",7.3,good
389,2005,In Her Shoes,"Comedy, Drama, Romance",6.4,good
390,2005,King's Ransom,"Comedy, Crime",4.3,okay
391,2005,The L.A. Riot Spectacular,Comedy,4.9,okay
392,2005,Loverboy,"Drama, Romance",5.4,okay
393,2005,My Big Phat Hip Hop Family,Comedy,1.6,bad
395,2005,Paha maa,Drama,7.4,good
396,2005,River Queen,"Action, Adventure, Drama",6.0,okay
397,2005,Transporter 2,"Action, Thriller",6.3,good
398,2005,Beauty Shop,Comedy,5.5,okay
399,2005,"Va, vis et deviens",Drama,7.9,good
400,2005,Anklaget,Drama,7.0,good
402,2005,Brokeback Mountain,"Drama, Romance",7.7,good
403,2005,The Circle,"Drama, Mystery, Thriller",5.6,okay
404,2005,The Girl from Monday,"Action, Comedy, Sci-Fi",5.2,okay
405,2005,The Greatest Game Ever Played,"Biography, Drama, History",7.4,good
406,2005,Johnny Slade's Greatest Hits,"Comedy, Crime, Music",6.0,okay
408,2005,O Signo do Caos,Drama,6.7,good
411,2005,Budjenje iz mrtvih,Drama,6.5,good
413,2005,Deck Dogz,"Action, Adventure, Drama",4.9,okay
414,2005,Edison,"Action, Crime, Drama",5.3,okay
417,2005,Waqt: The Race Against Time,"Comedy, Drama, Family",6.8,good
419,2005,A Lot Like Love,"Comedy, Drama, Romance",6.6,good
420,2005,A Perfect Fit,"Crime, Drama, Romance",5.2,okay
422,2005,Three Dollars,Drama,6.2,good
423,2005,Adam and Eve,"Comedy, Drama, Romance",4.5,okay
424,2005,Confess,"Thriller, Drama",5.0,okay
425,2005,Mozart and the Whale,"Comedy, Drama, Romance",6.9,good
427,2005,When Do We Eat?,Comedy,5.9,okay
428,2005,Brick,"Action, Crime, Drama",7.3,good
429,2005,Coach Carter,"Biography, Drama, Sport",7.3,good
432,2005,Leef!,Drama,6.9,good
433,2005,The Nickel Children,Drama,5.5,okay
435,2005,Reeker,"Horror, Mystery, Thriller",5.2,okay
436,2005,Santa's Slay,"Comedy, Fantasy, Horror",5.3,okay
439,2005,The Third Wish,"Romance, Comedy",4.3,okay
441,2005,The Producers,"Comedy, Musical",6.3,good
442,2005,3 Needles,Drama,6.4,good
443,2005,Bab'Aziz,Drama,7.6,good
444,2005,Bye Bye Blackbird,Drama,5.8,okay
446,2005,Forty Shades of Blue,"Drama, Music, Romance",6.2,good
447,2005,Le courage d'aimer,"Comedy, Drama",5.8,okay
448,2005,States of Grace,Drama,6.8,good
449,2005,The Devil's Rejects,Horror,6.8,good
450,2005,House of 9,"Drama, Horror, Mystery",5.5,okay
451,2005,The Pacifier,"Action, Comedy, Drama",5.6,okay
452,2005,Truce,"Drama, Western",5.9,okay
453,2005,North Country,Drama,7.3,good
455,2005,Pit Fighter,Action,4.5,okay
456,2005,Maman Last Call,"Drama, Comedy",6.1,good
458,2005,Wedding Crashers,"Comedy, Romance",6.9,good
459,2005,Willenbrock,"Drama, Crime",6.8,good
461,2005,FAQs,Drama,5.8,okay
462,2005,Ice Princess,"Comedy, Drama, Family",6.0,okay
463,2005,The King,"Drama, Thriller",6.7,good
464,2005,Kisna: The Warrior Poet,"Drama, History, Musical",4.5,okay
465,2005,Nanny McPhee,"Comedy, Family, Fantasy",6.5,good
466,2005,Shadowboxer,"Action, Crime, Drama",5.5,okay
467,2005,House of Wax,Horror,5.3,okay
469,2005,The Skeleton Key,"Drama, Horror, Mystery",6.5,good
470,2005,Smile,"Adventure, Drama",6.3,good
473,2005,Drop Dead Sexy,"Comedy, Crime",5.0,okay
474,2005,Game Over,"Action, Drama",2.8,bad
475,2005,Man to Man,Drama,6.5,good
476,2005,Memoirs of a Geisha,"Drama, Romance",7.4,good
478,2005,Obaba,Drama,6.5,good
479,2005,"Travaux, on sait quand ça commence...",Comedy,5.2,okay
480,2005,Zemanovaload,Comedy,6.0,okay
481,2005,A fény ösvényei,Drama,6.9,good
482,2005,Derailed,"Crime, Drama, Thriller",6.6,good
483,2005,Devil's Highway,Thriller,3.5,okay
484,2005,Down in the Valley,"Drama, Romance, Thriller",6.4,good
486,2005,Throttle,"Action, Thriller",5.1,okay
487,2005,The Longest Yard,"Comedy, Crime, Sport",6.4,good
488,2005,Special Ed,Drama,6.7,good
489,2005,Rumor Has It...,"Comedy, Drama, Romance",5.5,okay
490,2005,Vampires: The Turning,"Action, Horror, Thriller",3.5,okay
491,2005,Nordeste,Drama,6.6,good
492,2005,Assault on Precinct 13,"Action, Crime, Drama",6.3,good
496,2005,Dead Meat,"Comedy, Horror",4.1,okay
497,2005,Down and Derby,"Comedy, Family",5.5,okay
498,2005,Duane Hopwood,"Comedy, Drama",6.6,good
500,2005,A History of Violence,"Crime, Drama, Thriller",7.4,good
501,2005,The Island,"Action, Sci-Fi, Thriller",6.8,good
502,2005,Je préfère qu'on reste amis,"Comedy, Drama, Romance",6.0,okay
503,2005,Lord of War,"Action, Crime, Drama",7.6,good
504,2005,The Man,"Action, Comedy, Crime",5.5,okay
506,2005,End of the Spear,"Adventure, Biography, Dram",6.8,good
507,2005,Ambulancen,"Drama, Thriller",5.2,okay
508,2005,Chanthupottu,"Comedy, Drama, Romance",6.6,good
509,2005,Bag det stille ydre,"Drama, Horror, Mystery",4.6,okay
510,2005,Die blaue Grenze,"Drama, Mystery, Romance",6.4,good
511,2005,Herbie Fully Loaded,"Adventure, Comedy, Family",4.8,okay
512,2005,The Ice Harvest,"Comedy, Crime, Drama",6.3,good
513,2005,Lepel,Drama,6.3,good
515,2005,"Tu vas rire, mais je te quitte",Comedy,5.0,okay
517,2005,C.R.A.Z.Y.,"Comedy, Drama",7.9,good
518,2005,The Baxter,"Comedy, Romance",6.5,good
519,2005,The Curse of El Charro,Horror,2.9,bad
520,2005,Say Uncle,"Comedy, Drama",5.5,okay
521,2005,Fierce People,"Drama, Thriller",6.5,good
524,2005,The Helix... Loaded,"Action, Adventure, Comedy",2.1,bad
525,2005,Der kleine Eisbär 2: Die geheimnisvolle Insel,"Animation, Adventure, Dram",5.6,okay
526,2005,Brooklyn Lobster,"Comedy, Drama",6.3,good
528,2005,Sin City,"Crime, Thriller",8.0,good
529,2005,Xiang ri kui,"Drama, Romance",7.2,good
530,2005,Tamara,"Drama, Fantasy, Horror",5.1,okay
532,2005,Æon Flux,"Action, Adventure, Crime",5.4,okay
533,2005,Avant qu'il ne soit trop tard,Comedy,5.4,okay
534,2005,Bab el web,Comedy,4.6,okay
535,2005,Beowulf & Grendel,"Action, Adventure, Drama",5.8,okay
536,2005,Chok-Dee,"Action, Drama",6.2,good
537,2005,Just Sex and Nothing Else,Comedy,6.3,good
538,2005,L'empire des loups,"Action, Crime, Drama",5.9,okay
539,2005,The Great New Wonderful,"Comedy, Drama, Romance",5.7,okay
540,2005,Hating Alison Ashley,Comedy,5.5,okay
541,2005,The Dark Hours,"Horror, Thriller",6.0,okay
542,2005,Iznogoud,Comedy,3.7,okay
544,2005,The New World,"Biography, Drama, History",6.7,good
545,2005,Ivkova slava,Comedy,7.2,good
547,2005,Unge Andersen,Drama,6.4,good
549,2005,The Big White,"Comedy, Crime, Drama",6.4,good
551,2005,Casanova,"Adventure, Comedy, Drama",6.5,good
552,2005,The Cave,"Action, Adventure, Horror",5.1,okay
554,2005,Chaos,"Action, Crime, Drama",6.5,good
555,2005,Supercross,"Action, Drama, Romance",4.3,okay
556,2005,Last Days,"Drama, Music",5.8,okay
557,2005,Snuff-Movie,Horror,3.9,okay
559,2005,Nordkraft,"Crime, Drama, Romance",6.8,good
560,2005,Oskar & Josefine,"Family, Fantasy, Sci-Fi",5.2,okay
562,2005,Roll Bounce,"Comedy, Drama, Music",6.1,good
563,2005,The Sisterhood of the Traveling Pants,"Comedy, Drama, Romance",6.5,good
564,2005,Solkongen,"Comedy, Drama",6.1,good
565,2005,State Property 2,"Musical, Action, Crime",4.6,okay
567,2005,The Ape,"Comedy, Drama",4.5,okay
568,2005,Chasing Ghosts,"Crime, Drama, Mystery",5.4,okay
570,2005,Everything Is Illuminated,"Comedy, Drama",7.4,good
571,2005,The Exorcism of Emily Rose,"Drama, Horror, Thriller",6.7,good
575,2005,Les mauvais joueurs,"Crime, Drama",5.3,okay
576,2005,The Notorious Bettie Page,"Biography, Drama",6.5,good
579,2005,The Moguls,Comedy,6.3,good
581,2005,Sky High,"Adventure, Comedy, Family",6.2,good
583,2005,Suits on the Loose,Comedy,5.4,okay
584,2005,The 40 Year Old Virgin,"Comedy, Romance",7.1,good
589,2005,Barfuss,"Comedy, Drama, Romance",7.2,good
590,2005,The Deal,"Crime, Drama, Thriller",5.0,okay
591,2005,Chaos,"Horror, Thriller",3.2,okay
592,2005,Loggerheads,Drama,7.1,good
593,2005,Nearing Grace,"Comedy, Drama, Romance",5.8,okay
594,2005,Stestí,Drama,7.1,good
595,2005,"The Prize Winner of Defiance, Ohio","Biography, Drama",7.3,good
596,2005,Sametoví vrazi,"Crime, Drama",6.0,okay
597,2005,Shut Up and Shoot Me,Comedy,6.2,good
598,2005,Skrítek,Comedy,7.1,good
599,2005,Zathura: A Space Adventure,"Action, Adventure, Comedy",6.1,good
600,2005,El amor - primera parte,"Comedy, Romance",7.0,good
601,2005,The Chumscrubber,"Comedy, Drama",6.9,good
602,2005,Dobro ustimani mrtvaci,"Comedy, Drama",7.0,good
604,2005,Lorelei,"Action, Drama, Sci-Fi",5.3,okay
606,2005,Our Very Own,Drama,6.1,good
607,2005,Szöke kóla,Comedy,4.1,okay
608,2005,Pooh's Heffalump Movie,"Animation, Comedy, Family",6.4,good
609,2005,The Sisters,Drama,6.1,good
610,2005,Le survenant,Drama,6.3,good
611,2005,Sílení,"Animation, Comedy, Drama",7.3,good
612,2005,Transamerica,"Adventure, Comedy, Drama",7.4,good
613,2005,The Truth About Love,"Comedy, Romance",5.4,okay
614,2005,The Second Front,"Action, Romance, War",4.0,okay
615,2005,War of the Worlds,"Adventure, Sci-Fi",6.5,good
616,2005,Complete Guide to Guys,Comedy,4.2,okay
617,2005,Dirty Deeds,Comedy,5.8,okay
618,2005,Fugitive Hunter,Action,3.6,okay
622,2005,Kamenák 3,Comedy,2.4,bad
623,2005,The Mistress of Spices,"Drama, Romance",5.5,okay
624,2005,Príbehy obycejného sílenství,"Comedy, Drama",7.3,good
625,2005,Kousek nebe,Romance,6.8,good
626,2005,Knetter,"Comedy, Drama",6.6,good
627,2005,Munich,"Biography, Crime, Drama",7.5,good
628,2005,Voksne mennesker,"Comedy, Drama, Romance",7.2,good
630,2005,Bad News Bears,"Comedy, Sport",5.8,okay
632,2005,Flightplan,"Drama, Mystery, Thriller",6.3,good
633,2005,Guy X,"Comedy, War",5.1,okay
634,2005,Kids in America,Comedy,5.7,okay
636,2005,The Life and Hard Times of Guy Terrifico,Comedy,6.6,good
637,2005,Love Wrecked,"Adventure, Comedy, Romance",4.8,okay
638,2005,Hrubes a Mares jsou kamarádi do deste,Comedy,5.4,okay
639,2005,Marilyn Hotchkiss' Ballroom Dancing & Charm School,"Comedy, Drama, Musical",6.6,good
642,2005,Les poupées russes,"Comedy, Drama, Romance",7.0,good
644,2005,Shabd,Drama,5.2,okay
647,2005,Cheong yeon,Romance,6.8,good
648,2005,Come Away Home,"Drama, Family",6.8,good
650,2005,Espace détente,Comedy,4.6,okay
652,2005,Hunting Season,Horror,3.5,okay
653,2005,Hustle & Flow,"Crime, Drama, Music",7.3,good
654,2005,The King Maker,"Adventure, Drama",3.5,okay
656,2005,Mi Mejor Enemigo,"Comedy, Drama",7.2,good
657,2005,The Mighty Celt,Drama,6.9,good
658,2005,La noche del hermano,Drama,5.1,okay
659,2005,On a Clear Day,"Comedy, Drama, Romance",6.9,good
661,2005,Oublier Cheyenne,"Drama, Romance",6.3,good
662,2005,La petite Chartreuse,Drama,6.4,good
663,2005,Resurrection: The J.R. Richard Story,Drama,7.3,good
664,2005,Sidekick,"Fantasy, Sci-Fi",5.4,okay
665,2005,Slingshot,"Crime, Drama, Romance",4.6,okay
666,2005,Soul Searcher,"Action, Fantasy, Thriller",3.9,okay
670,2005,Tideland,"Drama, Fantasy, Horror",6.5,good
671,2005,All the Invisible Children,Drama,7.5,good
672,2005,L'annulaire,Drama,6.2,good
673,2005,Anthony Zimmer,"Crime, Drama, Romance",6.5,good
674,2005,Breakfast on Pluto,"Comedy, Drama",7.2,good
675,2005,The Dark,"Drama, Horror, Mystery",5.4,okay
676,2005,De battre mon coeur s'est arrêté,"Crime, Drama, Music",7.3,good
677,2005,One Day in Europe,Comedy,6.5,good
678,2005,Return of the Living Dead: Necropolis,"Action, Comedy, Horror",3.3,okay
679,2005,Return of the Living Dead: Rave to the Grave,"Comedy, Horror, Sci-Fi",3.3,okay
680,2005,Broken Flowers,"Comedy, Drama, Mystery",7.2,good
681,2005,Winners and Losers,"Comedy, Romance",4.1,okay
682,2005,WTC View,"Drama, Romance",6.0,okay
683,2005,The World's Fastest Indian,"Biography, Drama, Sport",7.8,good
685,2005,Tout pour plaire,Comedy,6.0,okay
686,2005,Being Cyrus,"Drama, Thriller",7.2,good
687,2005,Animal,"Sci-Fi, Thriller",5.0,okay
688,2005,L'antidote,Comedy,5.2,okay
689,2005,Brutal Incasso,"Action, Comedy",3.6,okay
690,2005,Brice de Nice,Comedy,5.1,okay
693,2005,Desolation Sound,Drama,5.3,okay
696,2005,Little Manhattan,"Comedy, Family, Romance",7.5,good
697,2005,Mrs Henderson Presents,"Comedy, Drama, Music",7.0,good
698,2005,Puritan,"Drama, Fantasy, Mystery",5.9,okay
699,2005,Jug jugoistok,Thriller,5.3,okay
700,2005,Sulanga Enu Pinisa,Drama,6.2,good
701,2005,The Unseen,Drama,6.6,good
702,2005,Wassup Rockers,"Comedy, Drama",6.0,okay
703,2005,Les yeux clairs,"Comedy, Drama",6.8,good
704,2005,Cake,"Comedy, Romance",4.9,okay
706,2005,A porcelánbaba,"Drama, Family, Fantasy",5.9,okay
707,2005,Intermedio,"Horror, Thriller",2.7,bad
708,2005,Kinamand,Drama,7.0,good
709,2005,Off Screen,"Crime, Drama, Thriller",6.7,good
710,2005,The War Within,Drama,6.8,good
711,2005,Pride & Prejudice,"Drama, Romance",7.8,good
712,2005,7 días,Comedy,6.7,good
713,2005,Amu,Drama,7.4,good
714,2005,37 og et halvt,"Drama, Comedy",4.7,okay
716,2005,La boîte noire,"Mystery, Thriller",5.9,okay
717,2005,The Quiet,"Crime, Drama, Thriller",6.3,good
721,2005,Vinterkyss,"Drama, Mystery, Thriller",6.4,good
722,2005,Marock,"Drama, Romance",6.1,good
724,2005,Mortuary,"Horror, Mystery, Thriller",4.0,okay
725,2005,Red Doors,Drama,6.4,good
728,2005,Beed-e majnoon,Drama,7.4,good
729,2005,Boy s tenyu,"Action, Drama, Sport",5.9,okay
730,2005,Boy Eats Girl,"Comedy, Fantasy, Horror",5.0,okay
731,2005,The Trouble with Dee Dee,Comedy,6.5,good
732,2005,Dus,"Action, Crime, Drama",5.5,okay
734,2005,Fool's Gold,Comedy,6.4,good
735,2005,Hate Crime,"Crime, Drama, Mystery",6.3,good
736,2005,Heart of the Beholder,Drama,5.9,okay
737,2005,Hirsiz Var!,"Adventure, Comedy, Crime",4.3,okay
738,2005,Greener Mountains,"Drama, Romance",5.1,okay
739,2005,Kaal,"Adventure, Horror, Mystery",4.6,okay
740,2005,Lemming,"Drama, Mystery, Thriller",6.7,good
743,2005,Me and You and Everyone We Know,"Comedy, Drama",7.3,good
744,2005,River's End,"Action, Adventure, Crime",5.3,okay
746,2005,Para que no me olvides,Drama,7.0,good
748,2005,Pobeg,"Crime, Drama, Thriller",5.7,okay
750,2005,"Semen, una historia de amor",Comedy,5.5,okay
751,2005,Wolf Creek,"Horror, Thriller",6.2,good
753,2005,Match Point,"Drama, Romance, Thriller",7.6,good
754,2005,Akoibon,"Comedy, Adventure, Romance",4.7,okay
756,2005,American Gun,Drama,6.1,good
758,2005,Crazylove,"Comedy, Drama, Romance",6.1,good
759,2005,Dishdogz,"Action, Drama, Sport",5.3,okay
760,2005,Elaan,"Action, Thriller",4.4,okay
761,2005,Glass Trap,"Action, Adventure, Comedy",2.9,bad
764,2005,The Kid & I,Comedy,5.3,okay
765,2005,Lethal Eviction,Thriller,4.3,okay
766,2005,Must Love Dogs,"Comedy, Romance",5.9,okay
769,2005,Les mots bleus,"Romance, Drama",6.5,good
770,2005,Room,"Drama, Mystery",4.5,okay
772,2005,Le temps qui reste,Drama,7.1,good
773,2005,Two for the Money,"Drama, Sport, Thriller",6.3,good
776,2005,12 and Holding,Drama,7.5,good
777,2005,9 rota,"Action, Drama, History",7.1,good
779,2005,L'avion,"Drama, Fantasy, Mystery",5.7,okay
780,2005,Checking Out,Comedy,5.9,okay
781,2005,Confession,"Drama, Thriller",5.7,okay
783,2005,Factotum,"Comedy, Drama, Romance",6.6,good
784,2005,Forest of the Damned,Horror,2.7,bad
785,2005,Hank Williams First Nation,"Comedy, Drama",6.0,okay
786,2005,Headspace,"Horror, Mystery, Sci-Fi",4.6,okay
787,2005,Her Minor Thing,"Comedy, Romance",5.2,okay
788,2005,Kampfansage - Der letzte Schüler,"Action, Sci-Fi",5.1,okay
790,2005,Little Athens,"Comedy, Crime, Drama",5.5,okay
792,2005,Ma quando arrivano le ragazze?,"Comedy, Drama, Romance",6.6,good
793,2005,Manuale d'amore,"Comedy, Drama, Romance",6.4,good
794,2005,Wu ji,"Action, Drama, Fantasy",5.6,okay
795,2005,Neverwas,"Drama, Fantasy, Mystery",6.6,good
797,2005,Quando sei nato non puoi più nasconderti,"Adventure, Drama",6.7,good
798,2005,Romanzo criminale,"Crime, Drama",7.2,good
801,2005,Tickets,"Comedy, Drama",7.0,good
802,2005,TrashHouse,"Comedy, Horror",2.5,bad
804,2005,Die Wilden Kerle 2,"Comedy, Family, Sport",4.2,okay
805,2005,Wish You Were Here,"Drama, Thriller",4.9,okay
807,2005,Adams æbler,"Comedy, Crime, Drama",7.8,good
808,2005,Un año sin amor,"Drama, Romance",6.2,good
809,2005,Beverly Kills,Comedy,3.8,okay
810,2005,Death Tunnel,Horror,2.7,bad
811,2005,Dreamer: Inspired by a True Story,"Drama, Family, Sport",6.8,good
815,2005,Jarhead,"Action, Biography, Drama",7.0,good
816,2005,Junebug,"Comedy, Drama",6.9,good
817,2005,Land of the Dead,"Horror, Sci-Fi, Thriller",6.2,good
818,2005,Lie with Me,"Drama, Romance",5.3,okay
820,2005,La maison de Nina,"Drama, History, War",6.0,okay
821,2005,Matrimonium,Comedy,4.8,okay
822,2005,Max und Moritz Reloaded,"Action, Comedy",2.5,bad
825,2005,Mi nismo andjeli 2,Comedy,6.1,good
828,2005,Partner(s),Comedy,5.7,okay
833,2005,Spirit Trap,"Horror, Thriller",4.5,okay
834,2005,La tigre e la neve,"Comedy, Drama, Romance",7.1,good
836,2005,Wah-Wah,"Comedy, Drama",6.8,good
837,2005,The Three Burials of Melquiades Estrada,"Adventure, Crime, Drama",7.4,good
839,2005,Abo Ali,"Comedy, Romance",6.4,good
842,2005,Chromophobia,Drama,6.1,good
843,2005,Cruel World,"Comedy, Horror, Thriller",3.9,okay
844,2005,Dans tes rêves,Drama,4.3,okay
845,2005,Doom,"Action, Adventure, Fantasy",5.2,okay
846,2005,Eighteen,Drama,6.3,good
848,2005,Gespenster,Drama,6.8,good
849,2005,Graves End,"Thriller, Mystery",8.9,good
851,2005,Kim Novak badade aldrig i Genesarets sjö,"Crime, Drama",6.5,good
852,2005,Living 'til the End,"Drama, Romance",6.6,good
854,2005,My Brother... Nikhil,"Drama, Sport",7.3,good
855,2005,Nine Lives,Drama,6.7,good
857,2005,Ronda nocturna,Drama,6.1,good
859,2005,Unkenrufe,"Drama, Romance",5.7,okay
861,2005,Viruddh... Family Comes First,"Drama, Family",7.1,good
862,2005,Idole instantanée,Comedy,5.5,okay
863,2005,El aura,"Crime, Drama, Thriller",7.2,good
864,2005,Combien tu m'aimes?,"Comedy, Drama, Romance",5.7,okay
865,2005,Di buen día a papá,Drama,6.3,good
867,2005,A Little Trip to Heaven,"Drama, Thriller",6.0,okay
870,2005,Sauf le respect que je vous dois,Drama,6.2,good
871,2005,Schläfer,Drama,6.3,good
872,2005,La guerra di Mario,Drama,6.6,good
873,2005,Shooting Dogs,"Drama, History, War",7.7,good
874,2005,Turning Green,"Drama, Comedy",5.6,okay
875,2005,Zhmurki,"Comedy, Crime, Thriller",7.2,good
876,2005,The Witch's Sabbath,Horror,3.2,okay
878,2005,Domino,"Action, Biography, Crime",5.9,okay
879,2005,Kontakt,"Drama, Romance",7.0,good
880,2005,Zerophilia,"Comedy, Romance",6.1,good
884,2005,Kombat Sechzehn,Drama,6.1,good
885,2005,Mrs. Palfrey at the Claremont,"Comedy, Drama",7.6,good
886,2005,The Proposition,"Crime, Drama, Western",7.4,good
887,2005,Red Eye,"Action, Mystery, Thriller",6.4,good
888,2005,Steal Me,Drama,5.8,okay
889,2005,20 centímetros,"Comedy, Musical",6.6,good
891,2005,Anlat Istanbul,"Drama, Thriller",7.4,good
893,2005,El calentito,"Comedy, Music",5.8,okay
894,2005,Carambole,"Crime, Drama, Mystery",6.0,okay
895,2005,Les chevaliers du ciel,"Adventure, Action",5.8,okay
896,2005,Choker,"Horror, Action, Sci-Fi",2.6,bad
897,2005,Imagine Me & You,"Comedy, Drama, Romance",6.8,good
898,2005,Como un avión estrellado,"Comedy, Drama",6.7,good
899,2005,Le couperet,"Comedy, Crime, Drama",7.4,good
900,2005,Curandero,Horror,4.9,okay
901,2005,La ravisseuse,Drama,6.0,okay
902,2005,Diary of a Mad Black Woman,"Comedy, Drama, Romance",5.7,okay
903,2005,Douches froides,Drama,6.1,good
904,2005,Frágiles,"Horror, Mystery, Thriller",6.1,good
908,2005,A Simple Curve,Drama,6.6,good
909,2005,Iki Genç Kiz,Drama,5.4,okay
911,2005,Diep,Drama,6.3,good
912,2005,Mallaki Iskandariya,"Crime, Drama, Mystery",7.0,good
917,2005,Ranpo jigoku,"Fantasy, Horror",6.3,good
918,2005,Restart,Drama,5.9,okay
922,2005,Southern Belles,"Comedy, Romance",5.6,okay
923,2005,This Revolution,"Drama, Romance, Thriller",5.5,okay
925,2005,Tjenare kungen,"Comedy, Drama, Music",6.0,okay
926,2005,A Cock and Bull Story,Comedy,6.7,good
927,2005,"L'un reste, l'autre part","Comedy, Drama",5.7,okay
928,2005,Waterborne,Drama,5.5,okay
929,2005,Way of the Vampire,"Action, Horror, Thriller",1.9,bad
930,2005,L'amour aux trousses,"Crime, Comedy, Romance",4.8,okay
931,2005,Au suivant!,"Romance, Drama, Comedy",4.4,okay
932,2005,Boudu,Comedy,5.3,okay
933,2005,Zim and Co.,Comedy,6.6,good
934,2005,David & Layla,"Comedy, Drama, Romance",5.4,okay
937,2005,Hard Candy,"Drama, Thriller",7.1,good
938,2005,Joyeux Noël,"Drama, History, Music",7.7,good
939,2005,The Mostly Unfabulous Social Life of Ethan Green,"Comedy, Romance",6.2,good
940,2005,NVA,Comedy,5.7,okay
941,2005,Palais royal!,Comedy,5.5,okay
943,2005,The Adventures of Sharkboy and Lavagirl 3-D,"Action, Adventure, Comedy",3.5,okay
944,2005,Allegro,"Drama, Romance, Sci-Fi",6.6,good
945,2005,Ayin karanlik yüzü,"Drama, Romance",3.4,okay
947,2005,Between,"Drama, Mystery, Thriller",4.2,okay
954,2005,Disaster!,"Animation, Comedy, Sci-Fi",5.0,okay
955,2005,Dommeren,Drama,5.4,okay
956,2005,Drabet,Drama,6.7,good
959,2005,Game 6,"Comedy, Drama, Sport",5.8,okay
960,2005,Gönül Yarasi,Drama,7.8,good
962,2005,El hasa el sabaa,"Comedy, Fantasy",5.9,okay
964,2005,Just Like Heaven,"Comedy, Drama, Fantasy",6.7,good
967,2005,The Fine Art of Love: Mine Ha-Ha,"Drama, Mystery",5.5,okay
969,2005,Almost Heaven,"Drama, Comedy, Music",5.7,okay
970,2005,Long Distance,"Horror, Thriller",5.2,okay
972,2005,Malek wa ketaba,Drama,6.0,okay
974,2005,Mary,"Drama, Thriller",5.8,okay
976,2005,Niagara Motel,Drama,5.8,okay
977,2005,Nynne,"Comedy, Romance",5.6,okay
980,2005,Pardon,"Comedy, Drama",8.2,good
983,2005,Pusher III,"Crime, Drama, Thriller",7.3,good
985,2005,Runaway,"Drama, Thriller",6.6,good
986,2005,Sans Kapiyi Kirinca,Comedy,6.2,good
987,2005,Den store dag,"Comedy, Romance",5.4,okay
988,2005,La suerte está echada,Comedy,7.1,good
989,2005,Touched,"Drama, Romance",5.8,okay
991,2005,"Sorry, Haters","Drama, Thriller",6.2,good
994,2005,You Are Alone,Drama,6.3,good
995,2005,Yôkai daisensô,"Adventure, Family, Fantasy",6.4,good
996,2005,American Soldiers,"Action, Drama, History",3.3,okay
997,2005,Familia,Drama,7.1,good
999,2005,De indringer,"Mystery, Thriller",6.8,good
1000,2005,Kész cirkusz,"Action, Comedy",5.9,okay
1001,2005,O Veneno da Madrugada,Drama,5.8,okay
1002,2005,Un rey en La Habana,Comedy,5.5,okay
1003,2005,Riviera,Drama,4.9,okay
1004,2005,Segundo asalto,"Drama, Romance",5.9,okay
1005,2005,Short Order,"Drama, Adventure",6.5,good
1006,2005,La cloche a sonné,Comedy,4.6,okay
1007,2005,Alien Abduction,"Horror, Sci-Fi, Thriller",2.5,bad
1008,2005,Feast,"Action, Comedy, Horror",6.3,good
1010,2005,Go West,"Comedy, Drama, War",6.6,good
1012,2005,Popstar,"Comedy, Family, Romance",2.6,bad
1013,2005,Song of the Dead,"Musical, Horror",4.7,okay
1014,2005,Sophie Scholl - Die letzten Tage,"Biography, Crime, Drama",7.6,good
1015,2005,In the Mix,"Comedy, Crime, Drama",2.8,bad
1016,2005,Venice Underground,"Crime, Thriller",3.2,okay
1017,2005,Stoned,"Biography, Drama, Music",5.8,okay
1019,2005,Apocalypse and the Beauty Queen,Fantasy,2.7,bad
1020,2005,Blízko nebe,"Comedy, Drama",4.7,okay
1021,2005,Cavalcade,"Biography, Drama",4.6,okay
1022,2005,Cayo,Drama,6.3,good
1024,2005,Egreti gelin,Drama,6.2,good
1025,2005,Erkan & Stefan in Der Tod kommt krass,Comedy,4.3,okay
1027,2005,Hababam Sinifi Askerde,Comedy,3.0,okay
1031,2005,El método,Drama,7.2,good
1032,2005,Neighborhood Watch,"Horror, Thriller",5.1,okay
1033,2005,Perception,Drama,4.7,okay
1034,2005,Studio 666,"Horror, Music, Sci-Fi",3.0,okay
1036,2005,Slunecní stát aneb hrdinové delnické trídy,"Comedy, Drama",6.7,good
1037,2005,Stillwater,Thriller,4.2,okay
1038,2005,Strákarnir okkar,"Comedy, Drama, Romance",5.0,okay
1039,2005,Trip Out,Drama,4.8,okay
1040,2005,Lupaus,"Drama, War",6.4,good
1041,2005,Teberik Sanssiz,Comedy,1.8,bad
1042,2005,Thank You for Smoking,"Comedy, Drama",7.6,good
1043,2005,Tom yum goong,"Action, Crime, Drama",7.1,good
1044,2005,Tommys Inferno,"Comedy, Drama",5.4,okay
1045,2005,Trust the Man,"Comedy, Drama, Romance",5.7,okay
1047,2005,Sweet Land,"Drama, Romance",7.1,good
1048,2005,Haunted Boat,"Drama, Horror, Mystery",2.2,bad
1049,2005,All Souls Day: Dia de los Muertos,"Horror, Thriller",3.7,okay
1050,2005,Venom,Horror,4.6,okay
1051,2005,Big River,Drama,6.2,good
1052,2005,Un Buda,Drama,6.7,good
1053,2005,Camping à la ferme,Comedy,5.4,okay
1054,2005,Cavite,Thriller,6.2,good
1055,2005,Severed,"Horror, Sci-Fi, Thriller",4.6,okay
1056,2005,Crustacés & coquillages,"Comedy, Musical, Romance",6.6,good
1058,2005,Le démon de midi,Comedy,4.6,okay
1059,2005,Les enfants,Comedy,5.8,okay
1060,2005,La fiesta del Chivo,Drama,6.4,good
1062,2005,Fluerne på væggen,Thriller,5.5,okay
1063,2005,Guernsey,Drama,6.1,good
1065,2005,I Am a Sex Addict,"Biography, Comedy, Romance",6.0,okay
1066,2005,Il était une fois dans l'oued,Comedy,4.8,okay
1067,2005,Fremde Haut,Drama,7.0,good
1069,2005,Miss Montigny,Drama,6.3,good
1070,2005,La moustache,"Drama, Mystery",6.7,good
1071,2005,Papa,"Comedy, Drama",6.5,good
1072,2005,Les parrains,"Comedy, Crime",5.7,okay
1073,2005,La petite Jérusalem,Drama,6.6,good
1075,2005,Edy,"Drama, Thriller",5.6,okay
1076,2005,Saint-Jacques... La Mecque,"Comedy, Drama",6.4,good
1078,2005,Qi jian,"Action, Adventure, Fantasy",6.2,good
1079,2005,Siegfried,Comedy,3.6,okay
1081,2005,Tara Road,Drama,6.0,okay
1082,2005,The Tenants,"Crime, Drama, Romance",5.2,okay
1083,2005,The Thing About My Folks,"Comedy, Drama",6.5,good
1085,2005,Un fil à la patte,"Comedy, Romance",5.3,okay
1086,2005,La vie est à nous!,Comedy,4.7,okay
1087,2005,Virgil,"Comedy, Drama, Sport",6.5,good
1088,2005,Voici venu le temps,"Comedy, Drama",5.3,okay
1090,2005,50 Ways of Saying Fabulous,Drama,5.6,okay
1091,2005,An American Haunting,"Drama, History, Horror",5.1,okay
1095,2005,The Business,"Crime, Drama, Thriller",6.7,good
1097,2005,O Casamento de Romeu e Julieta,"Comedy, Romance",6.2,good
1098,2005,The Clan,"Comedy, Musical",3.6,okay
1099,2005,Cuore sacro,Drama,6.4,good
1101,2005,Der Fischer und seine Frau,"Comedy, Drama, Romance",6.2,good
1102,2005,Four Brothers,"Action, Crime, Drama",6.8,good
1104,2005,L'enfer,Drama,6.8,good
1105,2005,It Waits,Horror,4.0,okay
1106,2005,Johan,"Drama, Romance",6.0,okay
1107,2005,Joyride,"Adventure, Crime, Drama",4.9,okay
1108,2005,Pervyy posle Boga,"Action, Drama, War",5.5,okay
1110,2005,Get Rich or Die Tryin',"Biography, Crime, Drama",5.3,okay
1113,2005,El penalti más largo del mundo,Comedy,5.3,okay
1114,2005,Provincia meccanica,Drama,5.4,okay
1116,2005,The Secret Life of Words,"Drama, Romance",7.5,good
1122,2005,Udayananu Tharam,Comedy,7.9,good
1125,2005,Aurore,Drama,7.4,good
1127,2005,Berkeley,Drama,5.0,okay
1128,2005,The Best Man,"Comedy, Romance",6.0,okay
1130,2005,Eve and the Fire Horse,Drama,6.9,good
1133,2005,Im Schwitzkasten,"Comedy, Drama",5.9,okay
1134,2005,Jogo Subterrâneo,"Romance, Drama",6.8,good
1135,2005,Joseph Smith: Prophet of the Restoration,"Biography, Drama, History",7.8,good
1136,2005,Lassie,"Adventure, Comedy, Drama",6.7,good
1138,2005,Der Schatz der weißen Falken,"Family, Adventure",6.9,good
1139,2005,Steget efter,"Crime, Mystery, Thriller",6.1,good
1140,2005,Stinger,"Action, Adventure, Comedy",1.9,bad
1141,2005,L'uomo perfetto,Comedy,6.1,good
1143,2005,Les âmes grises,Drama,6.3,good
1144,2005,Árido Movie,Drama,6.8,good
1145,2005,Azumi 2: Death or Love,Action,6.3,good
1146,2005,Foon,Comedy,3.8,okay
1147,2005,Andarivaadu,"Action, Comedy, Drama",4.3,okay
1148,2005,Il ne faut jurer... de rien!,Comedy,5.6,okay
1150,2005,Mistrz,Drama,6.4,good
1151,2005,Oculto,Drama,6.1,good
1152,2005,Peindre ou faire l'amour,Drama,6.1,good
1153,2005,Le petit lieutenant,"Crime, Drama",7.0,good
1154,2005,Puppy,"Comedy, Drama, Horror",6.3,good
1155,2005,Román pro zeny,Comedy,5.8,okay
1156,2005,Sandor slash Ida,"Comedy, Drama, Family",5.1,okay
1157,2005,Sarkar,"Action, Crime, Drama",7.6,good
1158,2005,Bunny,"Action, Drama",5.7,okay
1159,2005,Brothers of the Head,"Drama, Music",6.4,good
1160,2005,The Cutter,"Action, Crime, Drama",4.9,okay
1163,2005,The Fog,Horror,3.7,okay
1165,2005,Die Höhle des gelben Hundes,"Drama, Family",7.6,good
1166,2005,Saw II,"Horror, Mystery",6.6,good
1168,2005,Rag Tale,"Comedy, Romance, Drama",3.9,okay
1171,2005,Mørke,"Drama, Thriller",6.8,good
1172,2005,Otros días vendrán,Drama,6.4,good
1173,2005,Papá se volvió loco,Comedy,3.5,okay
1174,2005,"Quo Vadis, Baby?","Drama, Thriller",6.2,good
1175,2005,Looking for Comedy in the Muslim World,Comedy,5.4,okay
1176,2005,Gonggongui jeog 2,"Action, Drama",6.0,okay
1178,2005,Dark Remains,Horror,4.9,okay
1179,2005,"Good Night, and Good Luck.","Biography, Drama, History",7.4,good
1181,2005,Harsh Times,"Action, Crime, Drama",6.9,good
1183,2005,Just Friends,"Comedy, Romance",6.2,good
1187,2005,Parzania,"Drama, History",7.7,good
1190,2005,Wild Country,Horror,4.3,okay
1191,2005,Paper Moon Affair,"Drama, Romance",5.5,okay
1194,2005,Ausentes,Thriller,4.9,okay
1195,2005,A golpes,Drama,4.5,okay
1197,2005,Hak se wui,"Crime, Drama, Thriller",7.1,good
1198,2005,Hormigas en la boca,Drama,5.9,okay
1199,2005,Kinky Boots,"Comedy, Drama, Music",7.1,good
1201,2005,Lucid,"Comedy, Drama, Mystery",6.5,good
1202,2005,La maldición del padre Cardona,"Comedy, Drama, Romance",3.7,okay
1204,2005,O dve slabiky pozadu,"Romance, Drama",7.1,good
1205,2005,Princesas,Drama,7.0,good
1206,2005,Reinas,"Comedy, Romance",6.5,good
1207,2005,Snow White,Drama,5.8,okay
1208,2005,Tapas,"Comedy, Drama",6.7,good
1209,2005,V for Vendetta,"Action, Drama, Sci-Fi",8.2,good
1210,2005,Undiscovered,"Comedy, Music, Romance",4.3,okay
1212,2005,Gentille,Comedy,6.0,okay
1213,2005,Jing mo gaa ting,"Action, Comedy",6.1,good
1214,2005,La neuvaine,Drama,7.5,good
1215,2005,Se Arrienda,Drama,6.7,good
1216,2005,Gabrielle,"Drama, Romance",6.2,good
1218,2005,3° kälter,"Drama, Romance",5.7,okay
1219,2005,The Adventures of Greyfriars Bobby,"Adventure, Family, History",6.1,good
1220,2005,Conversations with Other Women,"Comedy, Drama, Romance",7.0,good
1221,2005,The Descent,"Adventure, Horror, Thrille",7.2,good
1222,2005,Demon Hunter,Horror,4.3,okay
1223,2005,English as a Second Language,"Drama, Romance",7.0,good
1225,2005,KatieBird *Certifiable Crazy Person,Horror,4.4,okay
1227,2005,The League of Gentlemen's Apocalypse,"Comedy, Fantasy, Horror",6.1,good
1228,2005,The Mechanik,"Action, Drama, Thriller",5.6,okay
1230,2005,The Rain Makers,"Action, Drama",3.8,okay
1234,2005,Backstage,"Drama, Music",5.9,okay
1235,2005,Carpool Guy,Comedy,5.1,okay
1236,2005,Cicatrices,"Comedy, Drama",4.1,okay
1239,2005,Dura,"Comedy, Drama",6.6,good
1240,2005,Ellie Parker,"Comedy, Drama",5.7,okay
1243,2005,Gas,Drama,6.2,good
1244,2005,Ghost of Mae Nak,Horror,5.1,okay
1245,2005,De griezelbus,"Adventure, Family, Fantasy",5.4,okay
1246,2005,Heroína,Drama,5.7,okay
1247,2005,High School Record,Comedy,6.1,good
1248,2005,Je ne suis pas là pour être aimé,"Drama, Romance",7.2,good
1249,2005,Jo Bole So Nihaal,"Action, Comedy",3.5,okay
1251,2005,"Love, Ludlow","Comedy, Romance",6.5,good
1252,2005,Ma vie en l'air,"Comedy, Romance",6.8,good
1253,2005,The Motel,"Comedy, Drama",6.7,good
1254,2005,Noksaek uija,"Drama, Romance",6.2,good
1255,2005,The Puffy Chair,"Comedy, Drama, Romance",6.5,good
1257,2005,Le roman de Renart,Animation,5.0,okay
1258,2005,The Salon,"Comedy, Drama",4.1,okay
1259,2005,La vie de Michel Muller est plus belle que la vôtre,Comedy,4.6,okay
1260,2005,Die weiße Massai,"Drama, Romance",6.5,good
1261,2005,"Zaïna, cavalière de l'Atlas","Adventure, Drama",5.6,okay
1262,2005,Zoop in Afrika,"Comedy, Adventure, Drama",5.0,okay
1263,2005,Balu,"Action, Crime",6.0,okay
1267,2005,Headhunter,"Thriller, Horror",4.6,okay
1268,2005,Horloge biologique,Comedy,7.1,good
1270,2005,Kaksipäisen kotkan varjossa,"Drama, History, Musical",3.1,okay
1271,2005,Khamoshh... Khauff Ki Raat,"Mystery, Thriller",3.3,okay
1272,2005,Parineeta,"Drama, Musical, Romance",7.2,good
1273,2005,Qian li zou dan qi,Drama,7.3,good
1282,2005,The Path of Evil,"Drama, Horror",3.6,okay
1285,2005,Side Effects,"Comedy, Drama, Romance",4.9,okay
1286,2005,...e se domani,Comedy,6.0,okay
1288,2005,Ultranova,Drama,6.4,good
1289,2005,La trahison,"Drama, War",6.6,good
1290,2005,Insan,"Action, Crime, Drama",4.6,okay
1291,2005,Kalpurush,Drama,6.9,good
1293,2005,Silsiilay,Drama,4.1,okay
1295,2005,These Girls,"Comedy, Drama",5.5,okay
1298,2005,Four Eyed Monsters,"Comedy, Drama, Fantasy",6.2,good
1300,2005,Heidi,"Drama, Family",6.5,good
1301,2005,Kita no zeronen,Drama,6.5,good
1302,2005,Private Moments,"Drama, Romance",3.6,okay
1305,2005,Three Bad Men,Western,2.8,bad
1306,2005,All That I Need,"Comedy, Drama",5.8,okay
1307,2005,The Boynton Beach Bereavement Club,"Comedy, Romance",6.4,good
1308,2005,Brothers in Arms,Western,2.3,bad
1309,2005,Straight Outta Benoni,Comedy,5.0,okay
1310,2005,Dirty,"Crime, Drama, Thriller",5.6,okay
1311,2005,2 Filhos de Francisco: A História de Zezé di Camarg,"Biography, Drama",6.8,good
1315,2005,Hokm,"Crime, Drama, Romance",5.0,okay
1317,2005,Tau man ji D,"Action, Comedy, Drama",6.4,good
1318,2005,Jewboy,Drama,6.4,good
1320,2005,Kraftverk 3714,"Thriller, Horror, Mystery",3.3,okay
1322,2005,Leydi Zi,Drama,6.2,good
1323,2005,Mobsters and Mormons,Comedy,6.3,good
1324,2005,Monarch of the Moon,"Action, Comedy, Sci-Fi",5.7,okay
1325,2005,Mumbai Express,"Action, Comedy",5.8,okay
1328,2005,Pyaar Mein Twist,"Comedy, Drama, Musical",5.9,okay
1329,2005,Pissed,Drama,4.6,okay
1331,2005,Solntse,"Drama, History",7.3,good
1334,2005,These Foolish Things,"Comedy, Drama, Romance",5.6,okay
1336,2005,Den utvalde,"Crime, Thriller",5.0,okay
1337,2005,Before It Had a Name,"Drama, Romance",3.2,okay
1339,2005,Yek boos-e koochooloo,Drama,6.6,good
1340,2005,The Headsman,Drama,6.1,good
1341,2005,Made in YU,"Drama, Action",6.4,good
1342,2005,Pryamokhozhdenie,"Drama, Sci-Fi",6.2,good
1345,2005,Otkradnati ochi,"Drama, History",7.0,good
1348,2005,Balans ve manevra,Drama,3.8,okay
1349,2005,Habana Blues,"Drama, Music",7.1,good
1350,2005,O simdi mahkum,"Comedy, Crime",5.7,okay
1351,2005,Sun gaing hup nui,"Drama, Comedy",6.9,good
1352,2005,Game Over,"Crime, Drama, Thriller",3.6,okay
1354,2005,Janji Joni,"Adventure, Comedy, Romance",7.6,good
1355,2005,Onnen varjot,Drama,5.7,okay
1356,2005,Operetta tanuki goten,"Comedy, Fantasy, Musical",6.5,good
1357,2005,Suspect,Drama,5.7,okay
1358,2005,Bam Bam and Celeste,Comedy,5.2,okay
1359,2005,The Cabinet of Dr. Caligari,"Drama, Horror, Mystery",5.8,okay
1361,2005,Free Zone,"Comedy, Drama",5.7,okay
1364,2005,Sharkskin 6,Crime,4.0,okay
1367,2005,Thommanum Makkalum,"Action, Comedy, Drama",6.5,good
1372,2005,Morir en San Hilario,Comedy,6.3,good
1373,2005,Ninette,Comedy,5.5,okay
1374,2005,Le passager,Drama,6.2,good
1375,2005,Cafundó,"Biography, Drama, History",6.5,good
1376,2005,Dil Jo Bhi Kahey...,"Drama, Romance",4.8,okay
1378,2005,Vaada,"Crime, Drama, Mystery",5.6,okay
1379,2005,Am Tag als Bobby Ewing starb,"Comedy, Romance",5.9,okay
1380,2005,Eine andere Liga,"Drama, Sport",6.7,good
1381,2005,Eläville ja kuolleille,"Biography, Drama",6.7,good
1382,2005,Iberia,"Documentary, Musical",7.0,good
1383,2005,Entre ses mains,Drama,6.3,good
1384,2005,Katze im Sack,Drama,6.0,okay
1385,2005,Das Lächeln der Tiefseefische,Drama,6.3,good
1386,2005,El sueño de una noche de San Juan,"Animation, Drama, Romance",4.8,okay
1387,2005,Netto,Drama,6.8,good
1388,2005,Olé!,Comedy,4.3,okay
1389,2005,Rinjin 13-gô,"Horror, Thriller",6.5,good
1390,2005,Rog,"Mystery, Romance, Thriller",5.1,okay
1391,2005,Rofuto,Horror,5.5,okay
1392,2005,Shisha no sho,"Animation, Drama, Fantasy",6.6,good
1393,2005,Wahrheit oder Pflicht,"Comedy, Drama",6.6,good
1394,2005,"Yours, Mine & Ours","Comedy, Family, Fantasy",5.5,okay
1395,2005,Ah Aah: Anbe Aaruyire,Romance,5.3,okay
1396,2005,Verlengd weekend,"Comedy, Drama",6.5,good
1400,2005,La bestia nel cuore,"Drama, Mystery",6.4,good
1406,2005,EZ Money,"Family, Comedy",2.9,bad
1407,2005,Edmond,"Drama, Thriller",6.2,good
1409,2005,Film Geek,Comedy,6.1,good
1410,2005,Flirting with Anthony,"Romance, Thriller",2.3,bad
1412,2005,Gypo,"Drama, Family",6.8,good
1414,2005,Hard Pill,Drama,6.4,good
1415,2005,Hoodwinked!,"Animation, Comedy, Crime",6.4,good
1417,2005,Laura Smiles,Drama,5.8,okay
1418,2005,Left Behind III: World at War,"Action, Drama, Fantasy",4.6,okay
1419,2005,Melissa P.,Drama,4.8,okay
1420,2005,Naina,"Drama, Horror, Mystery",4.3,okay
1421,2005,"Paradise, Texas",Drama,5.7,okay
1422,2005,Red Mercury,"Crime, Drama, Thriller",5.1,okay
1426,2005,The Wild Blue Yonder,Sci-Fi,6.2,good
1427,2005,Page 3,Drama,7.3,good
1428,2005,Desu toransu,"Action, Adventure, Fantasy",5.8,okay
1429,2005,Meat Pie,Comedy,2.1,bad
1430,2005,Piratas en el Callao,Animation,4.1,okay
1432,2005,Les amants réguliers,"Drama, Romance",6.9,good
1435,2005,J'ai vu tuer Ben Barka,Drama,5.8,okay
1437,2005,Torrente 3: El protector,"Comedy, Crime",5.6,okay
1439,2005,Falscher Bekenner,"Drama, Thriller",6.3,good
1444,2005,Keeping Mum,"Comedy, Crime",6.8,good
1445,2005,Miracle at Sage Creek,"Action, Drama, Family",5.5,okay
1446,2005,The Naked Brothers Band: The Movie,"Comedy, Family, Music",3.8,okay
1447,2005,A Sublime Love Story: Barsaat,"Drama, Romance",4.0,okay
1448,2005,Blackmail,"Action, Drama, Thriller",4.1,okay
1449,2005,Deewane Huye Paagal,"Action, Comedy, Drama",5.3,okay
1450,2005,Fareb,"Drama, Thriller",4.3,okay
1452,2005,Karam,"Action, Thriller",5.5,okay
1453,2005,Main Aisa Hi Hoon,"Drama, Family, Musical",4.7,okay
1454,2005,Tango Charlie,"Action, Adventure, Drama",6.0,okay
1456,2005,Jurm,"Crime, Drama, Mystery",5.5,okay
1457,2005,Geuddae geusaramdeul,"Comedy, Drama, History",6.9,good
1458,2005,Les invisibles,Drama,5.1,okay
1459,2005,Kong que,Drama,7.6,good
1460,2005,Krama mig,"Comedy, Drama, Romance",5.2,okay
1461,2005,Malev,"Action, Comedy",7.2,good
1462,2005,Mon petit doigt m'a dit...,"Comedy, Mystery",5.8,okay
1464,2005,Paradise Now,"Crime, Drama, Thriller",7.4,good
1465,2005,Röövlirahnu Martin,"Comedy, Family, Fantasy",6.4,good
1467,2005,Sangre,Drama,5.9,okay
1468,2005,Somne,"Horror, Sci-Fi, Thriller",4.5,okay
1469,2005,Stiilipidu,"Comedy, Drama",6.1,good
1470,2005,Tian bian yi duo yun,"Comedy, Drama, Musical",6.5,good
1471,2005,U-Carmen eKhayelitsha,"Musical, Drama, Romance",6.6,good
1473,2005,Automatic,Drama,5.6,okay
1476,2005,Feed,"Crime, Horror, Thriller",5.3,okay
1477,2005,Home,"Drama, Comedy",5.1,okay
1479,2005,Sunnyvale,"Comedy, Romance",4.7,okay
1482,2005,America 101,Comedy,5.4,okay
1483,2005,Far til fire gi'r aldrig op,"Comedy, Family",4.4,okay
1484,2005,Achuvinte Amma,"Comedy, Drama, Family",6.9,good
1486,2005,Death by Engagement,"Horror, Comedy",4.0,okay
1487,2005,Los 2 lados de la cama,"Comedy, Musical, Romance",5.5,okay
1488,2005,Mang lung,"Action, Crime, Drama",5.4,okay
1490,2005,Kamataki,"Drama, Romance",7.1,good
1493,2005,Het schnitzelparadijs,"Comedy, Romance",6.0,okay
1494,2005,Storm,"Drama, Fantasy, Mystery",5.7,okay
1495,2005,Harb Atalia,"Action, Comedy, Romance",6.1,good
1496,2005,Texas,Drama,5.9,okay
1497,2005,Che Guevara,"Biography, Drama, History",5.6,okay
1498,2005,Cup of My Blood,"Horror, Thriller",4.5,okay
1499,2005,Domino One,"Mystery, Thriller",6.0,okay
1500,2005,Drawing Restraint 9,Fantasy,6.5,good
1502,2005,Gisaku,"Animation, Action, Drama",5.7,okay
1503,2005,Isolation,"Horror, Sci-Fi, Thriller",5.6,okay
1504,2005,Kissing on the Mouth,"Drama, Romance",4.6,okay
1505,2005,Mutual Appreciation,Comedy,6.7,good
1508,2005,Rh+,"Action, Crime, Thriller",2.7,bad
1509,2005,Elephant Shoes,Romance,6.6,good
1514,2005,Fink!,Action,3.6,okay
1515,2005,En folkefiende,Drama,5.2,okay
1516,2005,Import-eksport,"Comedy, Drama",5.5,okay
1517,2005,Het paard van Sinterklaas,"Drama, Family",7.0,good
1519,2005,The F Word,Drama,6.5,good
1523,2005,Keine Lieder über Liebe,"Drama, Music, Romance",6.5,good
1524,2005,"Let Us Go and Burn Her Body; Or, The Devil Done Let","Fantasy, Horror, Mystery",1.7,bad
1526,2005,Sins,"Drama, Romance",4.3,okay
1528,2005,Stadt als Beute,Drama,4.9,okay
1533,2005,Alla luce del sole,"Crime, Drama",7.1,good
1534,2005,Bunty Aur Babli,"Comedy, Drama, Romance",6.2,good
1535,2005,Kochi Rajavu,"Action, Comedy, Crime",5.9,okay
1538,2005,Zozo,"Drama, Family, War",6.6,good
1539,2005,Een ander zijn geluk,Drama,6.1,good
1541,2005,Camarón,"Biography, Drama, Musical",6.1,good
1543,2005,Maraton,"Biography, Drama, Sport",7.7,good
1544,2005,Oechul,"Drama, Romance",6.7,good
1545,2005,Pasongsong gyerantak,"Comedy, Drama",5.8,okay
1546,2005,Redeu-ai,Horror,4.8,okay
1547,2005,Finger Print,"Crime, Mystery, Thriller",4.7,okay
1549,2005,Ordinary Man,Thriller,6.4,good
1551,2005,American Fusion,"Comedy, Romance",5.7,okay
1552,2005,Chicken Tikka Masala,"Comedy, Drama, Romance",5.6,okay
1554,2005,Es ist ein Elch entsprungen,"Comedy, Family, Fantasy",4.8,okay
1556,2005,London,"Drama, Romance",6.5,good
1557,2005,Lost in Plainview,"Action, Thriller",4.2,okay
1558,2005,Dominion: Prequel to the Exorcist,"Drama, Horror, Thriller",5.2,okay
1560,2005,15 Park Avenue,Drama,7.1,good
1562,2005,Dosti: Friends Forever,"Drama, Romance",5.5,okay
1564,2005,Lucky: No Time for Love,"Musical, Drama, Romance",4.7,okay
1565,2005,Shaadi No. 1,Comedy,3.5,okay
1567,2005,Zameer,"Drama, Romance",2.9,bad
1569,2005,Purple Heart,"Action, Drama, Thriller",5.2,okay
1570,2005,"Dishab babato didam, Aida",Drama,5.7,okay
1571,2005,Bang Bang Orangutang,Drama,4.9,okay
1572,2005,P,"Drama, Horror",5.1,okay
1573,2005,Ryna,Drama,7.0,good
1574,2005,Ayya,"Drama, Romance",5.7,okay
1576,2005,Chandramukhi,"Action, Comedy, Fantasy",7.0,good
1577,2005,Chehraa,Thriller,3.8,okay
1578,2005,Ghajini,"Action, Drama, Mystery",7.5,good
1581,2005,Ot 180 i vyshe,Comedy,5.5,okay
1582,2005,Qing ren jie,"Drama, Romance",6.8,good
1584,2005,Salad-e fasl,"Crime, Drama, Romance",5.2,okay
1586,2005,Statskiy sovetnik,"Drama, Crime",7.1,good
1588,2005,24/7: The Passion of Life,Drama,4.3,okay
1590,2005,GamerZ,"Comedy, Fantasy",5.9,okay
1591,2005,Hostel,Horror,5.9,okay
1594,2005,Love,"Drama, Thriller",6.5,good
1595,2005,Puzzlehead,"Drama, Sci-Fi",5.6,okay
1596,2005,Gilane,"Drama, War",6.8,good
1598,2005,Italyanets,Drama,7.5,good
1599,2005,Odete,Drama,5.8,okay
1602,2005,Je vous trouve très beau,"Comedy, Romance",6.7,good
1606,2005,15 días contigo,"Comedy, Drama",6.9,good
1608,2005,Boss'n Up,"Musical, Drama",4.7,okay
1609,2005,Chakushin ari 2,"Horror, Mystery",5.4,okay
1611,2005,The Derby Stallion,Drama,5.6,okay
1612,2005,Frankenstein vs. the Creature from Blood Cove,Horror,3.9,okay
1613,2005,The Gospel,"Drama, Music",4.9,okay
1614,2005,A Halfway House Christmas,Comedy,4.1,okay
1615,2005,Insecticidal,"Horror, Thriller",3.2,okay
1616,2005,Chinjeolhan geumjassi,"Crime, Drama, Thriller",7.6,good
1617,2005,The Land of College Prophets,"Action, Fantasy, Horror",3.3,okay
1619,2005,Mezon do Himiko,Drama,7.0,good
1620,2005,Moussaka & Chips,Adventure,7.2,good
1623,2005,Aunt Rose,Horror,3.8,okay
1624,2005,Pistvakt,"Comedy, Drama, Family",5.3,okay
1630,2005,The Toybox,"Horror, Mystery, Thriller",3.8,okay
1631,2005,Tryst,"Drama, Thriller",4.0,okay
1632,2005,Within,"Drama, Horror, Mystery",2.8,bad
1634,2005,Apaharan,"Action, Crime, Drama",7.4,good
1635,2005,Bachke Rehna Re Baba,Comedy,2.7,bad
1636,2005,Camping sauvage,Drama,5.4,okay
1637,2005,Hana to hebi 2: Pari/Shizuko,Drama,5.7,okay
1638,2005,Imaginum,"Animation, Family, Fantasy",4.6,okay
1639,2005,Kyon Ki...,"Drama, Romance",5.5,okay
1640,2005,Maine Pyaar Kyun Kiya,"Comedy, Drama, Romance",5.5,okay
1641,2005,My Wife's Murder,"Drama, Mystery, Thriller",6.2,good
1642,2005,Naisu no mori: The First Contact,Comedy,6.8,good
1643,2005,No Entry,"Comedy, Drama, Musical",6.6,good
1644,2005,Otoko-tachi no Yamato,"Drama, History, War",6.5,good
1645,2005,Paheli,"Drama, Fantasy, Romance",6.5,good
1646,2005,Socha Na Tha,"Romance, Comedy",7.5,good
1647,2005,Tôkyô zonbi,"Action, Comedy, Horror",6.0,okay
1648,2005,El violín,"Drama, Music",7.7,good
1649,2005,Zeher,"Crime, Drama, Mystery",5.4,okay
1650,2005,Actress Apocalypse,"Comedy, Horror",5.6,okay
1653,2005,Kocken,Drama,5.7,okay
1654,2005,Die Viertelliterklasse,"Comedy, Drama",6.8,good
1655,2005,Balkanska braca,"Comedy, Drama",5.6,okay
1658,2005,Ah sou,"Crime, Drama",4.6,okay
1661,2005,Cheaper by the Dozen 2,"Adventure, Comedy, Family",5.5,okay
1665,2005,Jolly Roger: Massacre at Cutter's Cove,Horror,3.2,okay
1668,2005,One Last Thing...,"Comedy, Drama",6.6,good
1669,2005,Pterodactyl,"Action, Adventure, Horror",3.1,okay
1670,2005,Race You to the Bottom,"Drama, Romance",5.0,okay
1675,2005,Never Been Thawed,Comedy,6.0,okay
1676,2005,Um Lobisomem na Amazônia,"Comedy, Horror",4.2,okay
1677,2005,La febbre,Comedy,6.4,good
1680,2005,Venner for livet,"Family, Drama",5.8,okay
1681,2005,AV,"Comedy, Drama, Romance",6.8,good
1682,2005,Athu Oru Kanaa Kaalam,Romance,4.6,okay
1684,2005,B-hyeong namja chingu,"Comedy, Romance",5.7,okay
1685,2005,Can This Be Love,"Comedy, Romance",5.6,okay
1686,2005,Dubai,"Drama, Romance",6.0,okay
1687,2005,Elsa y Fred,"Comedy, Drama, Romance",7.6,good
1688,2005,Hau bei tim sum,Romance,6.5,good
1689,2005,"Jeni, Juno",Comedy,6.4,good
1690,2005,Kidari ajeossi,"Comedy, Drama, Romance",6.4,good
1691,2005,Mongjunggi 2,Comedy,4.7,okay
1692,2005,Priyasakhi,"Drama, Family, Romance",4.6,okay
1693,2005,Raam,"Action, Drama, Mystery",7.8,good
1695,2005,Sachein,"Comedy, Drama, Romance",6.9,good
1696,2005,FC Venus,"Comedy, Romance, Sport",5.6,okay
1697,2005,Dievu miskas,"Biography, Drama, War",7.8,good
1699,2005,Naboer,"Horror, Mystery, Thriller",6.5,good
1700,2005,Sengoku jieitai 1549,"Action, Sci-Fi",5.1,okay
1701,2005,Valo,"Biography, Drama, Family",5.4,okay
1702,2005,Among Brothers,"Drama, Thriller, Crime",5.6,okay
1706,2005,Home Invasion,"Action, Crime, Thriller",3.2,okay
1708,2005,Night Fangs,"Horror, Thriller",3.6,okay
1709,2005,Night People,Drama,5.4,okay
1711,2005,Scar,Horror,3.3,okay
1712,2005,7 1/2 Phere: More Than a Wedding,"Comedy, Drama",5.4,okay
1713,2005,Garam Masala,"Comedy, Romance",6.7,good
1714,2005,Iqbal,"Drama, Sport",8.1,good
1715,2005,Kuchh Meetha Ho Jaye,"Comedy, Romance",3.4,okay
1716,2005,Yakeen,"Drama, Thriller",5.1,okay
1720,2005,Fîmeiru,Drama,5.8,okay
1721,2005,Maha'lai muang rae,"Biography, Comedy, Drama",8.1,good
1723,2005,Sakigake!! Kuromati Kôkô: The Movie,Comedy,6.1,good
1724,2005,Antarmahal: Views of the Inner Chamber,Drama,7.1,good
1727,2005,Chocolate: Deep Dark Secrets,"Crime, Drama, Mystery",4.8,okay
1728,2005,'D',"Crime, Drama, Thriller",6.8,good
1730,2005,Maine Gandhi Ko Nahin Mara,Drama,7.4,good
1732,2005,Banyu Biru,Drama,6.3,good
1735,2005,Bloodshed,"Horror, Thriller",3.2,okay
1736,2005,Bubble,"Crime, Drama, Mystery",6.6,good
1737,2005,Come as You Are,Comedy,2.7,bad
1743,2005,Liebes Spiel,Drama,6.1,good
1746,2005,Lost and Found,"Animation, Drama",6.2,good
1747,2005,Night of the Dog,"Adventure, Comedy, Romance",6.9,good
1748,2005,Ru guo · Ai,"Drama, Musical, Romance",6.8,good
1749,2005,Polly Blue Eyes,"Comedy, Crime, Romance",5.9,okay
1757,2005,Aislados,Comedy,6.5,good
1758,2005,L'anniversaire,Comedy,5.1,okay
1759,2005,H6: Diario de un asesino,"Crime, Horror, Thriller",4.5,okay
1760,2005,Han cheng gong lüe,"Drama, Comedy, Action",5.6,okay
1761,2005,Gin gwai 10,"Comedy, Horror",4.7,okay
1762,2005,Kirikou et les bêtes sauvages,"Animation, Adventure, Fami",6.6,good
1763,2005,Saam cha hau,"Action, Crime",5.9,okay
1764,2005,29th and Gay,Comedy,5.0,okay
1765,2005,Aaru,"Action, Thriller",5.6,okay
1768,2005,The Final Patient,"Horror, Thriller",4.2,okay
1771,2005,In za pûru,Comedy,6.8,good
1772,2005,Kame wa igai to hayaku oyogu,Comedy,6.6,good
1773,2005,Kanaa Kanden,"Romance, Thriller",6.7,good
1777,2005,Nuvvostanante Nenoddantana,Romance,7.7,good
1779,2005,Semishigure,"Drama, Romance",7.1,good
1780,2005,Sivakasi,"Action, Drama",5.2,okay
1785,2005,The American Ruling Class,"Comedy, Music",6.9,good
1786,2005,Conventioneers,"Comedy, Romance",5.9,okay
1793,2005,Nightmare,"Horror, Thriller",5.1,okay
1796,2005,Raving Maniacs,Horror,3.8,okay
1797,2005,The Sobbing Stone,Mystery,1.4,bad
1803,2005,O Coronel e o Lobisomem,Comedy,5.9,okay
1804,2005,Densha otoko,"Comedy, Romance",6.6,good
1807,2005,Moartea domnului Lãzãrescu,"Comedy, Drama",7.9,good
1808,2005,Salaam Namaste,"Comedy, Drama, Romance",6.2,good
1809,2005,L'enfant,"Crime, Drama, Romance",7.5,good
1812,2005,Hwal,"Drama, Romance",7.2,good
1814,2005,Kyaa Kool Hai Hum,"Comedy, Mystery",6.1,good
1815,2005,Malas temporadas,Drama,6.3,good
1816,2005,Mr Ya Miss,"Comedy, Fantasy",3.6,okay
1818,2005,Nazar,Thriller,4.1,okay
1819,2005,Rinne,"Horror, Mystery",6.2,good
1820,2005,Qing hong,Drama,7.0,good
1822,2005,Yume no naka e,"Comedy, Drama",6.4,good
1823,2005,About Love,Romance,6.4,good
1824,2005,Bashing,Drama,6.9,good
1825,2005,Kamyu nante shiranai,Drama,6.9,good
1826,2005,Cidade Baixa,Drama,6.6,good
1827,2005,Dalkomhan insaeng,"Action, Drama",7.6,good
1828,2005,Fin de curso,Comedy,4.1,okay
1829,2005,Harrys döttrar,Drama,5.9,okay
1831,2005,Jambok-geunmu,"Action, Comedy, Crime",6.3,good
1832,2005,Jo sok,"Drama, Romance",6.6,good
1833,2005,Jumeogi unda,"Action, Drama, Sport",7.3,good
1835,2005,Mais Uma Vez Amor,"Romance, Comedy",5.6,okay
1836,2005,Muzhskoy sezon. Barkhatnaya revolyutsiya,"Action, Crime, Drama",3.2,okay
1837,2005,A Máquina,"Comedy, Drama, Romance",7.5,good
1838,2005,Sal de Prata,Drama,5.2,okay
1839,2005,Shou shen,"Crime, Mystery, Thriller",5.0,okay
1840,2005,Um Tiro no Escuro,"Crime, Thriller, Drama",6.3,good
1851,2005,The Hole Story,Comedy,5.6,okay
1852,2005,Jai Chiranjeeva,"Action, Comedy, Drama",5.8,okay
1854,2005,Play,"Drama, Romance",6.4,good
1855,2005,The Reception,"Comedy, Drama, Romance",5.8,okay
1856,2005,Il ritorno del Monnezza,Comedy,3.7,okay
1857,2005,Sheng si jie,Drama,6.5,good
1858,2005,Silent Partner,"Action, Crime",4.6,okay
1864,2005,The Work and the Glory II: American Zion,"Drama, Western",6.6,good
1867,2005,Bôkoku no îjisu,"Action, Drama, Thriller",5.5,okay
1869,2005,The Blue Umbrella,"Comedy, Drama, Family",7.6,good
1870,2005,Ek Ajnabee,"Action, Crime, Drama",5.2,okay
1873,2005,Home Delivery: Aapko... Ghar Tak,"Comedy, Romance",3.2,okay
1875,2005,Nishijapon,Drama,7.1,good
1877,2005,Quanto Vale Ou É Por Quilo?,Drama,7.2,good
1879,2005,Thambi,"Drama, Thriller",6.0,okay
1880,2005,Ullam Ketkumae,Romance,7.1,good
1888,2005,Soldier of God,Drama,4.6,okay
1891,2005,Alice,Drama,7.4,good
1894,2005,La vie avec mon père,"Comedy, Drama",6.6,good
1895,2005,Gie,"Biography, Drama",7.6,good
1896,2005,The Great Ecstasy of Robert Carmichael,"Crime, Drama",4.8,okay
1899,2005,Pitbull,"Action, Crime, Drama",7.0,good
1901,2005,Thotti Jaya,Thriller,5.9,okay
1902,2005,Zui hao de shi guang,"Drama, Romance",7.0,good
1903,2005,Kilomètre zéro,"Comedy, Drama, War",6.1,good
1904,2005,Ashura-jô no hitomi,"Action, Fantasy",5.9,okay
1907,2005,Lifting de corazón,"Comedy, Drama, Romance",5.8,okay
1908,2005,Pervye na Lune,"Mystery, Sci-Fi",6.8,good
1911,2005,Paréntesis,Drama,6.7,good
1914,2005,Athbhutha Dweepu,"Adventure, Comedy, Fantasy",5.3,okay
1915,2005,L'audition,Drama,7.0,good
1917,2005,Eilandgasten,Drama,5.8,okay
1918,2005,Eminescu versus Eminem,Comedy,6.7,good
1919,2005,Fix Alert,"Action, Drama",6.4,good
1924,2005,Maurice Richard,"Biography, Drama, Sport",7.6,good
1925,2005,Popsa,"Drama, Musical",6.2,good
1926,2005,Rappakal,"Comedy, Drama",7.1,good
1929,2005,Udayon,"Action, Drama, Family",4.3,okay
1933,2005,Blush,"Drama, Music, Romance",7.0,good
1936,2005,Crash Test Dummies,"Comedy, Drama",6.4,good
1939,2005,The Eyes of Van Gogh,"Biography, Drama",6.2,good
1943,2005,Frankenstein Reborn,"Horror, Sci-Fi, Thriller",3.2,okay
1948,2005,Kûchû teien,Drama,7.2,good
1952,2005,Oktoberfest,Crime,6.1,good
1953,2005,Opa!,"Comedy, Romance",5.9,okay
1954,2005,Pervert!,"Comedy, Horror",4.5,okay
1962,2005,Les états-Unis d'Albert,"Adventure, Comedy, Drama",5.9,okay
1963,2005,Cherm,"Crime, Drama, Romance",7.2,good
1964,2005,Cose da pazzi,Comedy,6.5,good
1965,2005,Ek Khiladi Ek Haseena,"Comedy, Crime, Thriller",5.8,okay
1966,2005,Kal: Yesterday and Tomorrow,"Drama, Mystery, Thriller",6.5,good
1968,2005,Il mistero di Lovecraft - Road to L.,Thriller,5.6,okay
1969,2005,Hôrudo appu daun,Comedy,6.6,good
1970,2005,Yawarakai seikatsu,Drama,7.1,good
1971,2005,Umoregi,Drama,6.6,good
1973,2005,Whole New Thing,"Comedy, Drama",6.6,good
1976,2005,Rose,Drama,7.0,good
1979,2005,Eri Eri rema sabakutani,"Drama, Music, Sci-Fi",6.5,good
1980,2005,Geuk jang jeon,Drama,6.9,good
1981,2005,Lü cao di,"Comedy, Drama",6.6,good
1982,2005,Unter dem Eis,Drama,6.8,good
1983,2005,Unmei janai hito,"Comedy, Drama, Romance",7.7,good
1984,2005,15,"Action, Drama",5.7,okay
1985,2005,7 vírgenes,"Crime, Drama",6.3,good
1987,2005,Bølle Bob og Smukke Sally,"Family, Musical",2.6,bad
1991,2005,The Magician,"Crime, Drama",6.7,good
1996,2005,The Beast of Bray Road,Horror,4.1,okay
1998,2005,Bloodline,Drama,3.3,okay
1999,2005,Buy It Now,Drama,5.4,okay
2003,2005,Fair Game,Drama,2.6,bad
2008,2005,Hula Gods,"Comedy, Romance",5.8,okay
2015,2005,Mr. Dungbeetle,Comedy,5.1,okay
2016,2005,Penny Dreadful,"Horror, Thriller",5.9,okay
2017,2005,The Last Hangman,"Biography, Crime, Drama",7.4,good
2022,2005,Song of Songs,Drama,4.6,okay
2023,2005,Tiempo de valientes,"Action, Comedy, Crime",7.6,good
2029,2005,Frankie,Drama,5.9,okay
2031,2005,Hyeol-eui-noo,"Mystery, Thriller",6.7,good
2033,2005,Na Verkhney Maslovke,Drama,7.0,good
2034,2005,Namgeuk-ilgi,"Horror, Mystery, Thriller",6.0,okay
2035,2005,Stories of Lost Souls,"Comedy, Drama, Thriller",5.5,okay
2036,2005,Yeladim Tovim,"Crime, Drama, Romance",5.6,okay
2038,2005,Southbounders,Drama,6.4,good
2042,2005,La mujer de mi hermano,Drama,6.1,good
2045,2005,Bharathchandran I.P.S,"Action, Thriller",5.6,okay
2047,2005,Naran,"Action, Thriller",7.1,good
2048,2005,Nerariyan CBI,"Mystery, Thriller",5.8,okay
2049,2005,Be with Me,"Drama, Romance",7.0,good
2051,2005,Confessions of a Pit Fighter,"Action, Drama",4.2,okay
2055,2005,Le filmeur,Drama,6.9,good
2058,2005,Harder They Fall,"Action, Drama, Sport",3.2,okay
2061,2005,Le cactus,Comedy,5.4,okay
2067,2005,Man Push Cart,Drama,7.0,good
2072,2005,Bednye rodstvenniki,"Comedy, Drama",6.2,good
2073,2005,Daenseo-ui sunjeong,"Comedy, Drama, Music",6.9,good
2074,2005,Gan-keun gajok,"Comedy, Drama",5.9,okay
2075,2005,Kosmos kak predchuvstvie,Drama,6.8,good
2076,2005,Taepungtaeyang,Drama,5.8,okay
2077,2005,Yeonae-sulsa,"Comedy, Romance",6.2,good
2078,2005,Yeonae-ui mokjeok,"Comedy, Romance",6.4,good
2080,2005,Bunker paradise,Drama,5.8,okay
2094,2005,Amatemi,Drama,5.9,okay
2096,2005,Dark Places,"Drama, Horror",3.3,okay
2098,2005,Hallowed,Horror,2.9,bad
2099,2005,Hoshi ni natta shônen,"Drama, Family",6.7,good
2103,2005,Omiros,"Crime, Drama, Thriller",6.1,good
2105,2005,Taga tameni,"Crime, Drama, Romance",7.0,good
2106,2005,Time of Her Life,"Drama, Fantasy",3.1,okay
2107,2005,"What's Up, Scarlet?","Comedy, Drama, Romance",5.9,okay
2113,2005,Gimî hebun,Thriller,5.7,okay
2114,2005,Grenzverkehr,"Comedy, Drama",6.4,good
2117,2005,Pyl,"Comedy, Drama, Sci-Fi",7.2,good
2120,2005,Weltverbesserungsmaßnahmen,Comedy,5.8,okay
2123,2005,Vremya sobirat kamni,War,6.6,good
2125,2005,Fekete kefe,Comedy,6.0,okay
2126,2005,Hinokio,"Drama, Sci-Fi",6.5,good
2127,2005,L'orizzonte degli eventi,Drama,5.9,okay
2128,2005,Sex hopp & kärlek,Drama,5.0,okay
2131,2005,Gekijôban XXXHolic Manatsu no yoru no yume,"Animation, Comedy, Drama",7.1,good
2132,2005,Zakochany aniol,"Comedy, Romance",5.7,okay
2140,2005,Almost Normal,"Comedy, Drama, Romance",5.4,okay
2141,2005,Arindhum Ariyamalum,"Comedy, Crime, Drama",7.2,good
2149,2005,The Perfect Stranger,Drama,6.7,good
2153,2005,Hill 16,"Comedy, Thriller",4.9,okay
2154,2005,Kôshônin: Mashita Masayoshi,Action,6.1,good
2156,2005,Zhai bian,"Drama, Horror",5.2,okay
2157,2005,Khoht phetchakhaat,"Action, Adventure, Drama",4.4,okay
2158,2005,Shiryôha,Horror,4.4,okay
2159,2005,Bathhouse,Drama,5.1,okay
2160,2005,Buitenspel,"Drama, Fantasy, Mystery",5.8,okay
2163,2005,Bowser Makes a Movie,Comedy,3.8,okay
2166,2005,Crippled Creek,Horror,2.6,bad
2167,2005,Experiment,Thriller,5.3,okay
2169,2005,Hit Me,"Crime, Thriller",4.8,okay
2174,2005,Ride or Die,"Action, Western",1.7,bad
2176,2005,Tsotsi,"Crime, Drama",7.2,good
2178,2005,Aozora no yukue,Drama,6.4,good
2179,2005,Bunhongsin,"Horror, Thriller",5.8,okay
2181,2005,Daiteiden no yoru ni,Drama,6.8,good
2182,2005,Eize Makom Nifla,Drama,7.0,good
2183,2005,Festival,"Comedy, Drama",6.0,okay
2184,2005,Haru no yuki,"Drama, History, Romance",6.7,good
2185,2005,Hasami otoko,"Crime, Thriller",6.6,good
2186,2005,Jeuk sing,Comedy,5.8,okay
2187,2005,Linda Linda Linda,"Comedy, Drama, Music",7.5,good
2188,2005,Kidô senshi Z Gandamu II: Koibito tachi,"Animation, Action, Drama",6.4,good
2190,2005,Noriko no shokutaku,"Drama, Horror",7.1,good
2193,2005,Sima-ye zani dar doordast,Drama,6.0,okay
2194,2005,Mayonaka no Yaji-san Kita-san,"Comedy, Fantasy",6.4,good
2197,2005,Qing dian da sheng,"Action, Comedy, Drama",4.9,okay
2203,2005,Izzat,"Action, Crime, Thriller",6.3,good
2208,2005,Dreaming Lhasa,"Adventure, Drama, Mystery",6.5,good
2211,2005,Pavee Lackeen: The Traveller Girl,Drama,6.2,good
2212,2005,A Perfect Day,Drama,6.0,okay
2213,2005,Spiele Leben,"Drama, Thriller",6.3,good
2214,2005,Buss till Italien,"Adventure, Drama",4.7,okay
2216,2005,Loukoumades me meli,Comedy,4.5,okay
2217,2005,Troppo belli,Comedy,2.9,bad
2225,2005,Ya ana ya khalty,Comedy,5.1,okay
2226,2005,Jom kha mung wej,"Crime, Fantasy, Horror",5.5,okay
2228,2005,Angli: The Movie,"Action, Crime, Thriller",3.6,okay
2229,2005,Chung buk ji,"Fantasy, Musical, Romance",4.9,okay
2234,2005,Saigo no bansan,"Drama, Horror, Mystery",5.8,okay
2235,2005,Onaji tsuki wo miteiru,Drama,5.5,okay
2238,2005,Xin ji chi bu liao re dou fu,Comedy,6.3,good
2240,2005,Yek shab,Drama,5.9,okay
2242,2005,Zhixi,Thriller,5.6,okay
2243,2005,Africa United,"Comedy, Sport",6.1,good
2244,2005,Banyo,Crime,3.9,okay
2246,2005,Brudermord,Drama,6.7,good
2248,2005,Sinema bir mucizedir,Drama,5.4,okay
2249,2005,Cheon gun,"Action, Comedy, Sci-Fi",6.0,okay
2250,2005,Comme un frère,"Drama, Romance",5.6,okay
2253,2005,Keller - Teenage Wasteland,Drama,5.4,okay
2255,2005,Krisana,Drama,6.8,good
2257,2005,Neal 'N' Nikki,"Comedy, Musical, Romance",3.2,okay
2258,2005,Organize Isler,"Comedy, Drama",7.4,good
2259,2005,Un couple parfait,Drama,6.7,good
2260,2005,Ungu Violet,Drama,6.3,good
2261,2005,Yek teke nan,Drama,7.0,good
2262,2005,Yeogo goedam 4: Moksori,Horror,6.4,good
2268,2005,Love + Hate,Drama,6.9,good
2270,2005,Dva igraca s klupe,Comedy,7.2,good
2272,2005,Kamen Raidâ: The First,"Action, Drama, Horror",6.3,good
2273,2005,Lopovi prve klase,Comedy,5.7,okay
2274,2005,Lung gam wai yi dzi wang mo leung leung,"Action, Comedy, Drama",5.2,okay
2275,2005,Mama Jack,Comedy,4.4,okay
2276,2005,Shinku,"Drama, Thriller",6.7,good
2277,2005,Sto je Iva snimila 21. listopada 2003.,Drama,6.9,good
2278,2005,Sto je muskarac bez brkova?,"Comedy, Drama, Romance",6.9,good
2279,2005,Les états nordiques,Drama,6.6,good
2280,2005,American Visa,"Crime, Drama, Romance",6.1,good
2281,2005,Athadu,"Action, Thriller",8.3,good
2284,2005,Nana,"Drama, Music, Romance",7.1,good
2286,2005,Septyni nematomi zmones,Drama,6.8,good
2288,2005,Tyttö sinä olet tähti,"Drama, Music, Romance",6.5,good
2290,2005,Gisela,Drama,6.1,good
2291,2005,Jazireh ahani,Drama,7.2,good
2299,2005,11:59,"Mystery, Sci-Fi, Thriller",5.7,okay
2302,2005,Infection,Horror,4.2,okay
2303,2005,To oneiro tou skylou,Fantasy,6.2,good
2304,2005,Piano 17,"Action, Comedy, Crime",6.5,good
2306,2005,Espelho Mágico,"Drama, Music",6.8,good
2307,2005,Fyra veckor i juni,Drama,5.4,okay
2308,2005,Koti-ikävä,Drama,6.0,okay
2309,2005,Scrap Heaven,Drama,6.9,good
2310,2005,The Torturer,Horror,3.9,okay
2313,2005,Elsk meg i morgen,"Comedy, Drama, Romance",6.2,good
2314,2005,O Fatalista,Drama,5.4,okay
2315,2005,Johanna,"Drama, Musical",5.6,okay
2316,2005,Kukumi,Drama,6.7,good
2317,2005,Persona non grata,Drama,6.6,good
2318,2005,"Snivaj, zlato moje","Comedy, Drama",6.3,good
2321,2005,Happy End.,"Drama, Horror, Mystery",5.9,okay
2322,2005,Hell to Pay,Western,4.6,okay
2327,2005,Dead Men Walking,"Action, Horror, Sci-Fi",4.1,okay
2330,2005,Shapeshifter,Horror,2.6,bad
2332,2005,Ark,"Animation, Action, Drama",6.1,good
2340,2005,...Yahaan,"Drama, Romance, War",7.4,good
2341,2005,Anukokunda Oka Roju,"Mystery, Thriller",8.0,good
2343,2005,Saints-Martyrs-des-Damnés,"Drama, Horror, Mystery",6.2,good
2347,2005,Veninder,Comedy,3.2,okay
2349,2005,Angel-A,"Comedy, Drama, Fantasy",7.1,good
2356,2005,En la cama,Drama,6.2,good
2357,2005,I giorni dell'abbandono,Drama,5.9,okay
2359,2005,The Maid,"Drama, Horror, Mystery",5.9,okay
2361,2005,La seconda notte di nozze,"Comedy, Drama",6.7,good
2362,2005,Tomie: Beginning,Horror,4.9,okay
2363,2005,Tomie: Revenge,Horror,4.2,okay
2364,2005,Yam yasothon,"Comedy, Romance",6.8,good
2365,2005,13 Tzameti,"Crime, Drama, Horror",7.4,good
2370,2005,Chang hen ge,"Drama, Romance",5.5,okay
2371,2005,Fetching Cody,"Drama, Fantasy, Romance",6.7,good
2376,2005,Night of the Day of the Dawn of the Son of the Brid,"Comedy, Horror",4.2,okay
2380,2005,Baksu-chiltae deonara,"Comedy, Drama, Mystery",6.3,good
2381,2005,Chello hongmijoo ilga salinsagan,"Horror, Mystery",6.0,okay
2382,2005,Qian bei bu zui,"Comedy, Romance",5.9,okay
2383,2005,Desde que amanece apetece,Comedy,4.0,okay
2384,2005,Yu-wol-ui il-gi,"Crime, Thriller",6.4,good
2385,2005,Gabal,"Drama, Horror",5.5,okay
2386,2005,Hyeongsa,"Action, Comedy, Mystery",5.9,okay
2387,2005,Shikhar,Drama,4.9,okay
2388,2005,June R,"Drama, Family",5.0,okay
2389,2005,Kono mune ippai no ai wo,Romance,6.3,good
2390,2005,Vaah! Life Ho Toh Aisi!,"Comedy, Drama, Family",4.4,okay
2392,2005,Saedeu mubi,"Comedy, Drama, Romance",7.3,good
2393,2005,Shinobi,"Action, Drama, Fantasy",6.9,good
2394,2005,Super,"Action, Comedy",5.0,okay
2395,2005,Tae-poong,Action,5.8,okay
2396,2005,Thirupaachi,"Action, Drama",5.8,okay
2397,2005,Tokyo Tower,"Drama, Romance",6.2,good
2398,2005,Welkkeom tu Dongmakgol,"Comedy, Drama, War",7.7,good
2401,2005,Inu no eiga,Family,6.9,good
2406,2005,Odgrobadogroba,"Comedy, Drama",6.9,good
2408,2005,Aupa Etxebeste!,Comedy,6.2,good
2412,2005,Bluffmaster!,"Comedy, Crime, Drama",6.6,good
2414,2005,Meet Me in Miami,"Comedy, Family, Romance",6.9,good
2420,2005,Babam ve Oglum,"Drama, Family",8.3,good
2421,2005,Czas surferów,"Comedy, Crime",6.0,okay
2422,2005,Maja,"Action, Comedy, Romance",5.2,okay
2424,2005,Ramji Londonwaley,"Comedy, Drama, Family",6.7,good
2426,2005,Skazany na bluesa,"Biography, Drama, Music",7.0,good
2434,2005,Urlaub vom Leben,Drama,7.1,good
2436,2005,Diário de Um Novo Mundo,Drama,6.2,good
2438,2005,Aashiq Banaya Aapne: Love Takes Over,"Drama, Romance, Thriller",4.2,okay
2439,2005,Allari Bullodu,Romance,2.9,bad
2450,2005,À travers la forêt,"Drama, Fantasy",6.6,good
2451,2005,The Cabin Movie,"Comedy, Drama",4.7,okay
2452,2005,Fu-Rai,"Horror, Thriller",5.1,okay
2453,2005,El-sefara fi El-Omara,"Comedy, Drama",6.3,good
2456,2005,Café Transit,"Drama, Romance",7.3,good
2457,2005,Dame sobh,Drama,7.0,good
2459,2005,Hong yan,Drama,6.9,good
2461,2005,Sehar,"Action, Crime, Drama",7.8,good
2462,2005,Sommer vorm Balkon,Drama,6.9,good
2463,2005,Sud express,Drama,6.8,good
2464,2005,Tung mung kei yun,"Comedy, Drama, Sci-Fi",6.7,good
2465,2005,Viva Cuba,"Comedy, Drama",6.9,good
2467,2005,Kinetta,Drama,4.8,okay
2468,2005,Masahista,Drama,6.0,okay
2469,2005,Saat po long,"Action, Crime, Thriller",7.0,good
2470,2005,Sa-kwa,Drama,6.4,good
2471,2005,Takeshis',"Comedy, Drama, Fantasy",6.4,good
2476,2005,Jestem,Drama,7.3,good
2477,2005,King of the Lost World,"Action, Adventure, Fantasy",2.4,bad
2479,2005,A New Day in Old Sana'a,"Drama, Romance",6.2,good
2483,2005,Sex o phalsapheh,"Drama, Romance",5.3,okay
2484,2005,Shades of Gray,Comedy,6.0,okay
2486,2005,Snakewoman,Horror,3.2,okay
2490,2005,Hidden,Thriller,4.1,okay
2491,2005,Crime Delicado,Drama,6.1,good
2496,2005,Maroa,"Music, Romance",6.5,good
2497,2005,Itsuka dokusho suruhi,"Drama, Romance",6.9,good
2505,2005,Tse bing,"Action, Crime",5.3,okay
2507,2005,Bad Reputation,"Drama, Horror, Thriller",4.2,okay
2509,2005,The Call of Cthulhu,"Fantasy, Horror, Mystery",7.2,good
2511,2005,Karov La Bayit,Drama,6.9,good
2513,2005,The Goal,"Biography, Drama, Family",4.7,okay
2516,2005,Rastegari dar 8:20,"Crime, Drama",4.9,okay
2518,2005,El taxista ful,Drama,6.8,good
2521,2005,Masz na imie Justine,Thriller,6.4,good
2522,2005,"Pare osób, maly czas","Biography, Drama, Romance",6.7,good
2523,2005,Rozdroze Cafe,"Crime, Drama",6.3,good
2525,2005,Potera za Srec(k)om,Comedy,5.8,okay
2527,2005,Ang pagdadalaga ni Maximo Oliveros,Drama,7.1,good
2529,2005,"Annyeong, hyeonga",Drama,6.8,good
2531,2005,Gamunui wigi: Gamunui yeonggwang 2,"Action, Comedy, Crime",5.9,okay
2532,2005,Mapado,Comedy,6.0,okay
2533,2005,Mi-seu-teo joo-boo-kwi-jeu-wang,Comedy,6.1,good
2534,2005,Naesaengae gajang areumdawun iljuil,Drama,6.8,good
2537,2005,Neoneun nae unmyeong,"Drama, Romance",7.0,good
2541,2005,Cutting Room!,Horror,4.3,okay
2542,2005,Dunia,"Drama, Romance",5.9,okay
2552,2005,Komornik,Drama,7.0,good
2555,2005,Open Cam,"Comedy, Drama, Mystery",4.6,okay
2556,2005,Parnikovyy effekt,Drama,6.5,good
2558,2005,La Sagrada Familia,Drama,6.3,good
2561,2005,Mein Name ist Eugen,"Adventure, Comedy, Family",6.9,good
2565,2005,Geochilmaru,Action,5.7,okay
2566,2005,Kochankowie z Marony,"Drama, Romance",5.7,okay
2567,2005,Gaseirneba Karabaghshi,"Action, Adventure, Drama",7.9,good
2568,2005,Oda do radosci,Drama,6.6,good
2570,2005,Die Zombiejäger,Horror,2.5,bad
2573,2005,Natale a Miami,Comedy,3.9,okay
2574,2005,Mai + come prima,Drama,6.1,good
2575,2005,Shoshelet Schwartz,Comedy,7.0,good
2594,2005,The Retreat,Horror,2.8,bad
2595,2005,Sarangni,"Drama, Romance",5.5,okay
2598,2005,Yamim Shel Ahava,"Drama, Music",2.7,bad
2608,2005,Doll Graveyard,"Comedy, Fantasy, Horror",4.1,okay
2610,2005,For Catherine,Comedy,3.3,okay
2625,2005,Rajamanikyam,"Action, Comedy",7.7,good
2626,2005,Thanmathra,Drama,8.3,good
2627,2005,The Tiger,"Action, Thriller",6.6,good
2630,2005,Il vento fa il suo giro,Drama,7.4,good
2631,2005,Padre Nuestro,"Comedy, Drama",6.3,good
2634,2005,"Kheili dour, kheili nazdik",Drama,7.5,good
2639,2005,Pheuan sanit,"Drama, Romance",7.9,good
2642,2005,Gwai muk,Horror,5.7,okay
2643,2005,Tsoi suet yuk chi ngo oi nei,"Drama, Romance",5.9,okay
2645,2005,Sree,Action,5.4,okay
2646,2005,Türev,"Drama, Family, Romance",6.5,good
2650,2005,L'iceberg,Comedy,6.7,good
2653,2005,Döngel kârhanesi,Comedy,5.6,okay
2654,2005,I horodia tou Haritona,"Comedy, Music",6.7,good
2660,2005,"Percy, Buffalo Bill och jag","Adventure, Family, Romance",5.5,okay
2662,2005,The GoodTimesKid,"Action, Comedy",6.5,good
2664,2005,Zan-e ziadi,Drama,5.4,okay
2666,2005,Masterclass,Drama,7.0,good
2669,2005,Gekijô-ban hagane no renkinjutsushi: Shanbara wo yu,"Animation, Action, Adventu",7.4,good
2675,2005,"Main, Meri Patni... Aur Woh!","Comedy, Drama, Romance",7.3,good
2678,2005,Yasuwa minyeo,"Comedy, Romance",6.6,good
2679,2005,Apocalipsur,Drama,6.9,good
2680,2005,El colombian dream,"Comedy, Drama",6.8,good
2697,2005,A Life in Suitcases,Drama,6.1,good
2706,2005,Lie Still,Horror,4.3,okay
2709,2005,Molly's Way,Drama,6.3,good
2713,2005,Maskeli Besler: Intikam Pesinde,"Comedy, Crime",4.2,okay
2714,2005,Sen ne dilersen,Drama,6.4,good
2717,2005,The Vampire Conspiracy,Horror,3.0,okay
2718,2005,Shaere zobale-ha,"Drama, Romance",5.6,okay
2719,2005,Anandabhadram,"Drama, Fantasy, Horror",7.1,good
2721,2005,"Egy szoknya, egy nadrág",Comedy,3.2,okay
2732,2005,O Crime do Padre Amaro,"Action, Drama",5.3,okay
2733,2005,Day X,"Horror, Sci-Fi",3.5,okay
2734,2005,Dreamer,Fantasy,7.1,good
2735,2005,"Qiuqiu ni, biaoyang wo",Comedy,6.5,good
2737,2005,"Sonyeon, Cheonguk-e gada",Romance,6.5,good
2740,2005,Zu zhou,Horror,5.0,okay
2745,2005,Orora gongju,"Crime, Drama, Mystery",6.6,good
2746,2005,Parang-juuibo,"Drama, Romance",7.2,good
2747,2005,Ein ganz gewöhnlicher Jude,Drama,7.0,good
2748,2005,Gerumaniumu no yoru,Drama,6.4,good
2749,2005,Umezu Kazuo: Kyôfu gekijô - Mushi-tachi no ie,Horror,5.4,okay
2750,2005,Umezu Kazuo: Kyôfu gekijô - Purezento,Horror,4.9,okay
2751,2005,Rap nawng sayawng khwan,Horror,5.3,okay
2752,2005,Seua khaap daap,"Action, Comedy, Fantasy",4.5,okay
2761,2005,Gwangshiki dongsaeng gwangtae,"Comedy, Romance",6.7,good
2762,2005,Miseuteo Sokeurateseu,"Action, Crime",6.3,good
2763,2005,Muyeong geom,"Action, Adventure, History",6.5,good
2765,2005,Garpastum,Drama,6.5,good
2766,2005,Hanuman,Animation,7.3,good
2767,2005,Koi Aap Sa: But Lovers Have to Be Friends,"Comedy, Drama, Romance",5.4,okay
2768,2005,Stockholm Boogie,"Comedy, Drama",6.3,good
2769,2005,Always san-chôme no yûhi,"Drama, Family",7.7,good
2774,2005,Circadian Rhythm,"Action, Crime, Drama",1.9,bad
2776,2005,Dangerous Men,"Action, Adventure, Crime",4.4,okay
2778,2005,Hak bak jin cheung,"Crime, Drama",6.5,good
2783,2005,Strange Aeons: The Thing on the Doorstep,"Horror, Thriller",4.9,okay
2786,2005,Jeuk sing 2 gi ji mor tin hau,Comedy,5.5,okay
2788,2005,Tatchi,"Drama, Romance, Sport",6.2,good
2793,2005,Pitbullterje,Comedy,5.7,okay
2798,2005,Umezu Kazuo: Kyôfu gekijô - Zesshoku,Horror,5.0,okay
2802,2005,Ching yi ngor sum gi,"Comedy, Drama",6.1,good
2803,2005,Shissô,Drama,7.0,good
2805,2005,Yôgisha: Muroi Shinji,"Comedy, Crime, Mystery",4.7,okay
2809,2005,Hayat,Drama,7.1,good
2816,2005,Haze,"Horror, Mystery",6.6,good
2821,2005,In Memorium,Horror,4.7,okay
2826,2005,Om Sara,Drama,6.0,okay
2827,2005,Piteopaeneui gongshik,Drama,6.6,good
2833,2005,Aein,"Drama, Romance",5.9,okay
2835,2005,Jakeob-ui jeongseok,"Comedy, Romance",6.0,okay
2836,2005,Naui gyeolhon wonjeonggi,"Comedy, Drama",6.5,good
2839,2005,Kimyô na sâkasu,"Drama, Horror, Mystery",7.0,good
2840,2005,Wang-ui namja,"Drama, History",7.4,good
2843,2005,A Concepção,Drama,5.5,okay
2845,2005,Eu Me Lembro,Drama,6.1,good
2846,2005,Andel páne,"Comedy, Family, Fantasy",6.9,good
2847,2005,Ti amo in tutte le lingue del mondo,Comedy,5.8,okay
2848,2005,Andrea,"Horror, Thriller",4.4,okay
2851,2005,Sinus,"Comedy, Drama",5.3,okay
2857,2005,Liebeskind,Drama,5.7,okay
2859,2005,Pettson & Findus - Tomtemaskinen,"Animation, Comedy, Family",6.3,good
2864,2005,Purei,Horror,5.2,okay
2876,2005,Hababam Sinifi Üç Buçuk,"Comedy, Thriller",2.8,bad
2877,2005,Agrypnia,Drama,6.3,good
2880,2005,Ichi ritoru no namida,Drama,7.9,good
2883,2005,The Zero Years,"Drama, Sci-Fi",6.4,good
2898,2005,Rainbow boy... Rung tua thii paet khawng khwaam rak,"Comedy, Drama, Romance",5.5,okay
2902,2005,Sum muepuen,"Action, Crime, Drama",5.2,okay
2903,2005,Yuki ni negau koto,Drama,6.8,good
2912,2005,Mun mot mun,Drama,6.1,good
2913,2005,Xuxinha e Guto Contra os Monstros do Espaço,"Animation, Family, Sci-Fi",1.6,bad
2921,2005,Bosta,"Musical, War",6.5,good
2924,2005,Guerilla Marketing,Drama,7.1,good
2930,2005,Sandai Kozhi,Action,6.9,good
2933,2005,4:30,Drama,6.6,good
2936,2005,"Mi abuelo, mi papá y yo","Comedy, Drama, Romance",6.1,good
2949,2005,Ido,"Drama, Horror, Mystery",4.6,okay
2956,2005,Arashi no yoru ni,"Animation, Adventure, Dram",7.0,good
2960,2005,Samâ taimu mashin burûsu,"Comedy, Sci-Fi",7.2,good
2964,2005,Gol-e yakh,"Drama, Romance",4.0,okay
2968,2005,Kalyug,"Action, Crime, Drama",6.5,good
2977,2005,Yongseobadji mothan ja,Drama,6.8,good
2978,2005,Barrio Cuba,Drama,6.2,good
2994,2005,Long khong,"Fantasy, Horror, Mystery",5.9,okay
2995,2005,Ninas resa,Drama,6.7,good
2996,2005,Loufa kai parallagi: Seirines sto Aigaio,Comedy,5.5,okay
2998,2005,Yamim Kfuim,"Drama, Mystery, Thriller",6.9,good
3002,2005,Mexican Werewolf in Texas,Horror,2.9,bad
3014,2005,Wo men lia,Drama,7.3,good
3018,2005,Nuit noire,"Drama, Mystery, Sci-Fi",6.6,good
3033,2005,Bûsu,"Horror, Thriller",6.6,good
3043,2005,Harim Karim,"Comedy, Romance",4.3,okay
3045,2005,Posledniy uik-end,Thriller,6.4,good
3053,2005,Tainos,"Action, Adventure, Drama",5.4,okay
3057,2005,Ren yu duo duo,"Drama, Fantasy, Romance",5.8,okay
3060,2005,Thavamai Thavamiruntu,Drama,7.8,good
3083,2005,?,"Adventure, Comedy, Drama",5.3,okay
3089,2005,Innocent,"Drama, Romance",5.6,okay
3092,2005,Ne khlebom edinym,Drama,6.6,good
3094,2005,Ssunday Seoul,Comedy,5.7,okay
3105,2005,Amnesia: The James Brighton Enigma,Drama,6.2,good
3108,2005,Maxx,"Comedy, Musical",6.1,good
3124,2005,Su-ki-da,"Drama, Romance",7.0,good
3133,2005,Un día sin sexo,Drama,4.9,okay
3136,2005,Vilniaus getas,"History, War",6.8,good
3145,2005,Hu gu po,Horror,1.4,bad
3155,2005,Gekijô-ban Naruto: Daigekitotsu! Maboroshi no chite,"Animation, Adventure, Come",6.6,good
3156,2005,Zulo,"Drama, Thriller",4.7,okay
3179,2005,Grodmin,Drama,2.1,bad
3185,2005,Hazard,"Crime, Drama",6.9,good
3224,2005,Bhadra,Action,6.7,good
3231,2005,Sangue: La morte non esiste,Drama,6.8,good
3241,2005,Air,"Animation, Adventure, Dram",6.9,good
3258,2005,Kaidan Shin Mimibukuro: Yûrei manshon,Horror,6.2,good
3268,2005,Kanda Naal Mudhal,"Comedy, Romance",7.2,good
3282,2005,Tapete Vermelho,Comedy,7.0,good
3306,2005,To kako,"Action, Comedy, Horror",5.5,okay
3332,2005,Dondurmam Gaymak,Comedy,6.6,good
3347,2005,Resurrection Mary,"Drama, Horror, Mystery",3.4,okay
3358,2005,Ithikon akmaiotaton,"Comedy, Drama, Romance",3.6,okay
3362,2005,Meatball Machine,"Action, Horror, Sci-Fi",5.7,okay
3379,2005,L'educazione sentimentale di Eugénie,"Comedy, Drama",4.2,okay
3393,2005,Saishû heiki kanojo,"Action, Fantasy, Sci-Fi",4.7,okay
3407,2005,Zaky Chan,"Comedy, Romance",6.5,good
3409,2005,Tenshi,"Fantasy, Romance",6.2,good
3416,2005,Koara kachô,"Comedy, Crime, Drama",5.9,okay
3426,2005,Uttarayan,Drama,7.1,good
3433,2005,Dombivli Fast,"Drama, Thriller",8.1,good
3445,2005,Quarta B,"Comedy, Drama",6.1,good
3449,2005,I gynaika einai... skliros anthropos,"Comedy, Drama",4.9,okay
3462,2005,Midioda matarebeli,Comedy,6.3,good
3467,2005,Chatrapathi,"Action, Drama",7.6,good
3472,2005,The Lost Princess,"Comedy, Family, Fantasy",2.2,bad
3493,2005,Tai Hang shan shang,"History, War",5.3,okay
3502,2005,I kardia tou ktinous,"Comedy, Drama",6.3,good
3552,2005,Rama Shama Bhama,Comedy,7.7,good
3573,2005,Gekijouban Poketto monsutâ Adobansu jenerêshon: Myu,"Animation, Action, Adventu",6.9,good
3578,2005,Mahiha ashegh mishavand,"Drama, Romance",6.9,good
3590,2005,Sex mashin: Hiwai na kisetsu,Comedy,5.4,okay
3591,2005,Enjo-kôsai monogatari: shitagaru onna-tachi,Drama,5.3,okay
3680,2005,Athanokkade,"Action, Drama",6.7,good
3684,2005,"Loranga, Masarin & Dartanjang","Animation, Family",6.7,good
3685,2005,Political Rowdy,Action,5.2,okay
3686,2005,Veerabhadra,Action,2.6,bad
3689,2005,Noroi,"Horror, Mystery, Thriller",7.0,good
3702,2005,Andhrudu,"Action, Drama",6.5,good
3715,2005,Sukran,"Action, Drama",3.2,okay
3720,2005,Allari Pidugu,"Action, Drama, Romance",2.7,bad
3730,2005,Vennela,Romance,7.0,good
3733,2005,Don de Dios,Drama,4.2,okay
3742,2005,Kay Dyache Bola,Comedy,7.1,good
3750,2005,Tsiou...,Comedy,6.9,good
3756,2005,Koi wa go-shichi-go!,Comedy,1.9,bad
3758,2005,Zoo,Horror,6.9,good
3759,2005,One piece: Omatsuri danshaku to himitsu no shima,"Animation, Action, Adventu",7.2,good
3760,2005,Aksharaya,"Crime, Drama, Thriller",5.4,okay
3765,2005,Tan Lines,"Drama, Romance",5.3,okay
3767,2005,Catatan Akhir Sekolah,Comedy,7.3,good
3776,2005,Pak Pak Pakaak,"Adventure, Comedy, Drama",7.3,good
3777,2005,Nochnoy bazar,"Action, Comedy, Fantasy",4.3,okay
3780,2005,Kannô byôtô: nureta akai kuchibiru,"Drama, Horror, Thriller",4.8,okay
3788,2005,Aqvariom,Drama,3.5,okay
3798,2005,Meitantei Conan: Suiheisenjyou no sutorateeji,"Animation, Action, Adventu",7.1,good
3804,2005,Yi shi er niao,"Action, Adventure, Comedy",3.5,okay
3808,2005,Galazio forema,Drama,5.3,okay
3809,2005,Nama-natsu,"Comedy, Drama",5.3,okay
3813,2005,Dejitaru monsuta no X-shinka,"Animation, Action, Sci-Fi",6.7,good
3815,2005,Cheap,"Crime, Drama, Horror",6.7,good
3816,2005,Double Down,"Action, Adventure, Crime",4.6,okay
3817,2005,Danger,Thriller,6.4,good
3819,2005,Meesrti,Action,3.6,okay
3824,2005,Haajar Bachhar Dhorey,"Comedy, Drama, Family",8.0,good
3826,2005,Molla Barir Bou,"Comedy, Drama, Family",6.9,good
3827,2005,El-Haya Montaha El-lazza,"Drama, Romance",4.5,okay
3828,2005,Al Abaa' al Sighar,"Comedy, Family, Musical",5.9,okay
3830,2005,Sharlatan,"Action, Comedy, Fantasy",2.5,bad
3834,2005,Paskutiniai Bremeno muzikantai,Musical,8.0,good
3835,2005,Malesh Ehna Benetbahdel,Comedy,5.7,okay
3838,2005,The Angrez,Comedy,7.3,good
3842,2005,A Film by Aravind,"Horror, Mystery",7.0,good
3846,2005,Laylat Seqout Baghdad,Comedy,5.3,okay
3847,2005,Hot Wheels Acceleracers the Ultimate Race,Animation,7.0,good
3848,2005,Eial Habeba,Family,4.6,okay
3849,2005,Neghab,"Drama, Mystery",6.1,good
